model,terrain_class,ft_mean_f1_percent,lr_mean_f1_percent,difference_mean_pp,difference_sample_sd_pp,difference_fold_0_pp,difference_fold_1_pp,difference_fold_2_pp,difference_fold_3_pp,difference_fold_4_pp,input_sha256,source_sha256,python,numpy,matplotlib,aggregation
dinov2,Plains,76.24295964416032,76.10295401475003,0.14000562941029102,1.4334313606625788,1.3309980817544016,0.4510607823093693,1.040707196292999,0.16456302118652388,-2.2873009344918387,370f8e9f8eb1bdb8d2ba0bc4532a2ec0e1e1001750e95a601a18d58d78d0816b,"{""scripts/analyze_repaired_adaptation.py"": ""8b7b842e4829eb54b45bc0b741891bfbde603391ed52602a6060b4992548187b"", ""scripts/plot_repaired_adaptation.py"": ""144859703ef0aca609c083764261f238e96e81824b847bc689c1fe8590306b50"", ""scripts/plot_repaired_class_changes.py"": ""c09d65a8ef0aa090ad9ab9120956ef237d930bc7e642385fa822224f22a6d834"", ""scripts/plot_repaired_common_classifier.py"": ""479d9fccbf2bca7a3c3c2bc3ee6dd737f548af2225b518d1f773320ebdcc65b5"", ""scripts/summarize_repaired_titan.py"": ""a166437fc65b86dec8fa49ae24f5ad46bf72b645b4103c4f6646f0ac9f421e72"", ""scripts/summarize_review_frozen.py"": ""362730fe9b55b2359ee55fe90575cf58b9ba4ebb78f20d3c34bac9df2732f1cd""}",3.12.3,2.4.4,3.10.9,Compute class F1 separately for each FT seed; average five seeds within each fold; subtract the same-fold common LR class F1; retain five fold contrasts; report their equal-weight mean and sample SD (ddof=1).
dinov2,Dunes,65.75829618131868,59.42814495074263,6.330151230576069,2.9877699599272294,6.4020177412427515,4.145120623523283,3.3002290332246673,10.96584758763094,6.837541167258706,370f8e9f8eb1bdb8d2ba0bc4532a2ec0e1e1001750e95a601a18d58d78d0816b,"{""scripts/analyze_repaired_adaptation.py"": ""8b7b842e4829eb54b45bc0b741891bfbde603391ed52602a6060b4992548187b"", ""scripts/plot_repaired_adaptation.py"": ""144859703ef0aca609c083764261f238e96e81824b847bc689c1fe8590306b50"", ""scripts/plot_repaired_class_changes.py"": ""c09d65a8ef0aa090ad9ab9120956ef237d930bc7e642385fa822224f22a6d834"", ""scripts/plot_repaired_common_classifier.py"": ""479d9fccbf2bca7a3c3c2bc3ee6dd737f548af2225b518d1f773320ebdcc65b5"", ""scripts/summarize_repaired_titan.py"": ""a166437fc65b86dec8fa49ae24f5ad46bf72b645b4103c4f6646f0ac9f421e72"", ""scripts/summarize_review_frozen.py"": ""362730fe9b55b2359ee55fe90575cf58b9ba4ebb78f20d3c34bac9df2732f1cd""}",3.12.3,2.4.4,3.10.9,Compute class F1 separately for each FT seed; average five seeds within each fold; subtract the same-fold common LR class F1; retain five fold contrasts; report their equal-weight mean and sample SD (ddof=1).
dinov2,Hummocky,49.33559017534496,44.43264117866102,4.902948996683946,3.25787364763935,2.1744572094965875,5.750118563092165,9.38879510827504,1.279263843076535,5.922110259479403,370f8e9f8eb1bdb8d2ba0bc4532a2ec0e1e1001750e95a601a18d58d78d0816b,"{""scripts/analyze_repaired_adaptation.py"": ""8b7b842e4829eb54b45bc0b741891bfbde603391ed52602a6060b4992548187b"", ""scripts/plot_repaired_adaptation.py"": ""144859703ef0aca609c083764261f238e96e81824b847bc689c1fe8590306b50"", ""scripts/plot_repaired_class_changes.py"": ""c09d65a8ef0aa090ad9ab9120956ef237d930bc7e642385fa822224f22a6d834"", ""scripts/plot_repaired_common_classifier.py"": ""479d9fccbf2bca7a3c3c2bc3ee6dd737f548af2225b518d1f773320ebdcc65b5"", ""scripts/summarize_repaired_titan.py"": ""a166437fc65b86dec8fa49ae24f5ad46bf72b645b4103c4f6646f0ac9f421e72"", ""scripts/summarize_review_frozen.py"": ""362730fe9b55b2359ee55fe90575cf58b9ba4ebb78f20d3c34bac9df2732f1cd""}",3.12.3,2.4.4,3.10.9,Compute class F1 separately for each FT seed; average five seeds within each fold; subtract the same-fold common LR class F1; retain five fold contrasts; report their equal-weight mean and sample SD (ddof=1).
dinov2,Labyrinths,38.22566935155763,27.852169643596692,10.373499707960935,5.9547119132935675,9.14316911351785,16.53139776565378,15.610469919109356,8.705625689842925,1.8768360516807618,370f8e9f8eb1bdb8d2ba0bc4532a2ec0e1e1001750e95a601a18d58d78d0816b,"{""scripts/analyze_repaired_adaptation.py"": ""8b7b842e4829eb54b45bc0b741891bfbde603391ed52602a6060b4992548187b"", ""scripts/plot_repaired_adaptation.py"": ""144859703ef0aca609c083764261f238e96e81824b847bc689c1fe8590306b50"", ""scripts/plot_repaired_class_changes.py"": ""c09d65a8ef0aa090ad9ab9120956ef237d930bc7e642385fa822224f22a6d834"", ""scripts/plot_repaired_common_classifier.py"": ""479d9fccbf2bca7a3c3c2bc3ee6dd737f548af2225b518d1f773320ebdcc65b5"", ""scripts/summarize_repaired_titan.py"": ""a166437fc65b86dec8fa49ae24f5ad46bf72b645b4103c4f6646f0ac9f421e72"", ""scripts/summarize_review_frozen.py"": ""362730fe9b55b2359ee55fe90575cf58b9ba4ebb78f20d3c34bac9df2732f1cd""}",3.12.3,2.4.4,3.10.9,Compute class F1 separately for each FT seed; average five seeds within each fold; subtract the same-fold common LR class F1; retain five fold contrasts; report their equal-weight mean and sample SD (ddof=1).
dinov2,Lakes,14.097211074151378,11.092705668315423,3.0045054058359533,6.229208788664163,13.240030854683273,-1.4559995917843835,0.17641180594200723,-1.4863890579796863,4.548473018318558,370f8e9f8eb1bdb8d2ba0bc4532a2ec0e1e1001750e95a601a18d58d78d0816b,"{""scripts/analyze_repaired_adaptation.py"": ""8b7b842e4829eb54b45bc0b741891bfbde603391ed52602a6060b4992548187b"", ""scripts/plot_repaired_adaptation.py"": ""144859703ef0aca609c083764261f238e96e81824b847bc689c1fe8590306b50"", ""scripts/plot_repaired_class_changes.py"": ""c09d65a8ef0aa090ad9ab9120956ef237d930bc7e642385fa822224f22a6d834"", ""scripts/plot_repaired_common_classifier.py"": ""479d9fccbf2bca7a3c3c2bc3ee6dd737f548af2225b518d1f773320ebdcc65b5"", ""scripts/summarize_repaired_titan.py"": ""a166437fc65b86dec8fa49ae24f5ad46bf72b645b4103c4f6646f0ac9f421e72"", ""scripts/summarize_review_frozen.py"": ""362730fe9b55b2359ee55fe90575cf58b9ba4ebb78f20d3c34bac9df2732f1cd""}",3.12.3,2.4.4,3.10.9,Compute class F1 separately for each FT seed; average five seeds within each fold; subtract the same-fold common LR class F1; retain five fold contrasts; report their equal-weight mean and sample SD (ddof=1).
dinov2,Craters,3.2712688727399155,1.941520467836257,1.329748404903658,5.2492566792768445,-4.052287581699346,1.0651162790697675,-3.5964912280701746,7.330840367362107,5.901564187855937,370f8e9f8eb1bdb8d2ba0bc4532a2ec0e1e1001750e95a601a18d58d78d0816b,"{""scripts/analyze_repaired_adaptation.py"": ""8b7b842e4829eb54b45bc0b741891bfbde603391ed52602a6060b4992548187b"", ""scripts/plot_repaired_adaptation.py"": ""144859703ef0aca609c083764261f238e96e81824b847bc689c1fe8590306b50"", ""scripts/plot_repaired_class_changes.py"": ""c09d65a8ef0aa090ad9ab9120956ef237d930bc7e642385fa822224f22a6d834"", ""scripts/plot_repaired_common_classifier.py"": ""479d9fccbf2bca7a3c3c2bc3ee6dd737f548af2225b518d1f773320ebdcc65b5"", ""scripts/summarize_repaired_titan.py"": ""a166437fc65b86dec8fa49ae24f5ad46bf72b645b4103c4f6646f0ac9f421e72"", ""scripts/summarize_review_frozen.py"": ""362730fe9b55b2359ee55fe90575cf58b9ba4ebb78f20d3c34bac9df2732f1cd""}",3.12.3,2.4.4,3.10.9,Compute class F1 separately for each FT seed; average five seeds within each fold; subtract the same-fold common LR class F1; retain five fold contrasts; report their equal-weight mean and sample SD (ddof=1).
dofa,Plains,49.67017858635862,74.4171162412177,-24.746937654859074,8.91780887113424,-10.613064735816124,-26.78191838672563,-33.61722607335091,-22.468438991858484,-30.254040086544222,370f8e9f8eb1bdb8d2ba0bc4532a2ec0e1e1001750e95a601a18d58d78d0816b,"{""scripts/analyze_repaired_adaptation.py"": ""8b7b842e4829eb54b45bc0b741891bfbde603391ed52602a6060b4992548187b"", ""scripts/plot_repaired_adaptation.py"": ""144859703ef0aca609c083764261f238e96e81824b847bc689c1fe8590306b50"", ""scripts/plot_repaired_class_changes.py"": ""c09d65a8ef0aa090ad9ab9120956ef237d930bc7e642385fa822224f22a6d834"", ""scripts/plot_repaired_common_classifier.py"": ""479d9fccbf2bca7a3c3c2bc3ee6dd737f548af2225b518d1f773320ebdcc65b5"", ""scripts/summarize_repaired_titan.py"": ""a166437fc65b86dec8fa49ae24f5ad46bf72b645b4103c4f6646f0ac9f421e72"", ""scripts/summarize_review_frozen.py"": ""362730fe9b55b2359ee55fe90575cf58b9ba4ebb78f20d3c34bac9df2732f1cd""}",3.12.3,2.4.4,3.10.9,Compute class F1 separately for each FT seed; average five seeds within each fold; subtract the same-fold common LR class F1; retain five fold contrasts; report their equal-weight mean and sample SD (ddof=1).
dofa,Dunes,32.49175614742107,57.897524155712745,-25.405768008291677,8.280612439604438,-12.102257683739083,-24.294329817667617,-26.87271357634981,-34.124559921260776,-29.634979042441095,370f8e9f8eb1bdb8d2ba0bc4532a2ec0e1e1001750e95a601a18d58d78d0816b,"{""scripts/analyze_repaired_adaptation.py"": ""8b7b842e4829eb54b45bc0b741891bfbde603391ed52602a6060b4992548187b"", ""scripts/plot_repaired_adaptation.py"": ""144859703ef0aca609c083764261f238e96e81824b847bc689c1fe8590306b50"", ""scripts/plot_repaired_class_changes.py"": ""c09d65a8ef0aa090ad9ab9120956ef237d930bc7e642385fa822224f22a6d834"", ""scripts/plot_repaired_common_classifier.py"": ""479d9fccbf2bca7a3c3c2bc3ee6dd737f548af2225b518d1f773320ebdcc65b5"", ""scripts/summarize_repaired_titan.py"": ""a166437fc65b86dec8fa49ae24f5ad46bf72b645b4103c4f6646f0ac9f421e72"", ""scripts/summarize_review_frozen.py"": ""362730fe9b55b2359ee55fe90575cf58b9ba4ebb78f20d3c34bac9df2732f1cd""}",3.12.3,2.4.4,3.10.9,Compute class F1 separately for each FT seed; average five seeds within each fold; subtract the same-fold common LR class F1; retain five fold contrasts; report their equal-weight mean and sample SD (ddof=1).
dofa,Hummocky,0.4200477326968974,49.70822228350626,-49.28817455080936,9.112254831256399,-42.651142551985124,-40.86687306501548,-50.28854080791426,-63.977128335451084,-48.657187993680886,370f8e9f8eb1bdb8d2ba0bc4532a2ec0e1e1001750e95a601a18d58d78d0816b,"{""scripts/analyze_repaired_adaptation.py"": ""8b7b842e4829eb54b45bc0b741891bfbde603391ed52602a6060b4992548187b"", ""scripts/plot_repaired_adaptation.py"": ""144859703ef0aca609c083764261f238e96e81824b847bc689c1fe8590306b50"", ""scripts/plot_repaired_class_changes.py"": ""c09d65a8ef0aa090ad9ab9120956ef237d930bc7e642385fa822224f22a6d834"", ""scripts/plot_repaired_common_classifier.py"": ""479d9fccbf2bca7a3c3c2bc3ee6dd737f548af2225b518d1f773320ebdcc65b5"", ""scripts/summarize_repaired_titan.py"": ""a166437fc65b86dec8fa49ae24f5ad46bf72b645b4103c4f6646f0ac9f421e72"", ""scripts/summarize_review_frozen.py"": ""362730fe9b55b2359ee55fe90575cf58b9ba4ebb78f20d3c34bac9df2732f1cd""}",3.12.3,2.4.4,3.10.9,Compute class F1 separately for each FT seed; average five seeds within each fold; subtract the same-fold common LR class F1; retain five fold contrasts; report their equal-weight mean and sample SD (ddof=1).
dofa,Labyrinths,4.837007562083917,18.12533350449529,-13.288325942411372,9.484344430341165,-2.310135998802891,-21.964917326782704,-24.108695374393054,-6.722195898550363,-11.335685113527848,370f8e9f8eb1bdb8d2ba0bc4532a2ec0e1e1001750e95a601a18d58d78d0816b,"{""scripts/analyze_repaired_adaptation.py"": ""8b7b842e4829eb54b45bc0b741891bfbde603391ed52602a6060b4992548187b"", ""scripts/plot_repaired_adaptation.py"": ""144859703ef0aca609c083764261f238e96e81824b847bc689c1fe8590306b50"", ""scripts/plot_repaired_class_changes.py"": ""c09d65a8ef0aa090ad9ab9120956ef237d930bc7e642385fa822224f22a6d834"", ""scripts/plot_repaired_common_classifier.py"": ""479d9fccbf2bca7a3c3c2bc3ee6dd737f548af2225b518d1f773320ebdcc65b5"", ""scripts/summarize_repaired_titan.py"": ""a166437fc65b86dec8fa49ae24f5ad46bf72b645b4103c4f6646f0ac9f421e72"", ""scripts/summarize_review_frozen.py"": ""362730fe9b55b2359ee55fe90575cf58b9ba4ebb78f20d3c34bac9df2732f1cd""}",3.12.3,2.4.4,3.10.9,Compute class F1 separately for each FT seed; average five seeds within each fold; subtract the same-fold common LR class F1; retain five fold contrasts; report their equal-weight mean and sample SD (ddof=1).
dofa,Lakes,6.661730221580275,13.728681656163806,-7.06695143458353,9.27892209960048,-4.72894173328363,-23.52202844527925,-3.3920688338817655,-1.5876347046104962,-2.1040834558625052,370f8e9f8eb1bdb8d2ba0bc4532a2ec0e1e1001750e95a601a18d58d78d0816b,"{""scripts/analyze_repaired_adaptation.py"": ""8b7b842e4829eb54b45bc0b741891bfbde603391ed52602a6060b4992548187b"", ""scripts/plot_repaired_adaptation.py"": ""144859703ef0aca609c083764261f238e96e81824b847bc689c1fe8590306b50"", ""scripts/plot_repaired_class_changes.py"": ""c09d65a8ef0aa090ad9ab9120956ef237d930bc7e642385fa822224f22a6d834"", ""scripts/plot_repaired_common_classifier.py"": ""479d9fccbf2bca7a3c3c2bc3ee6dd737f548af2225b518d1f773320ebdcc65b5"", ""scripts/summarize_repaired_titan.py"": ""a166437fc65b86dec8fa49ae24f5ad46bf72b645b4103c4f6646f0ac9f421e72"", ""scripts/summarize_review_frozen.py"": ""362730fe9b55b2359ee55fe90575cf58b9ba4ebb78f20d3c34bac9df2732f1cd""}",3.12.3,2.4.4,3.10.9,Compute class F1 separately for each FT seed; average five seeds within each fold; subtract the same-fold common LR class F1; retain five fold contrasts; report their equal-weight mean and sample SD (ddof=1).
dofa,Craters,0.0,1.605885222271549,-1.605885222271549,1.6598076487004023,-2.0618556701030926,0.0,0.0,-2.0202020202020203,-3.9473684210526314,370f8e9f8eb1bdb8d2ba0bc4532a2ec0e1e1001750e95a601a18d58d78d0816b,"{""scripts/analyze_repaired_adaptation.py"": ""8b7b842e4829eb54b45bc0b741891bfbde603391ed52602a6060b4992548187b"", ""scripts/plot_repaired_adaptation.py"": ""144859703ef0aca609c083764261f238e96e81824b847bc689c1fe8590306b50"", ""scripts/plot_repaired_class_changes.py"": ""c09d65a8ef0aa090ad9ab9120956ef237d930bc7e642385fa822224f22a6d834"", ""scripts/plot_repaired_common_classifier.py"": ""479d9fccbf2bca7a3c3c2bc3ee6dd737f548af2225b518d1f773320ebdcc65b5"", ""scripts/summarize_repaired_titan.py"": ""a166437fc65b86dec8fa49ae24f5ad46bf72b645b4103c4f6646f0ac9f421e72"", ""scripts/summarize_review_frozen.py"": ""362730fe9b55b2359ee55fe90575cf58b9ba4ebb78f20d3c34bac9df2732f1cd""}",3.12.3,2.4.4,3.10.9,Compute class F1 separately for each FT seed; average five seeds within each fold; subtract the same-fold common LR class F1; retain five fold contrasts; report their equal-weight mean and sample SD (ddof=1).
croma,Plains,74.78081786188208,77.22108887530077,-2.4402710134186747,1.7938310004583031,-3.3977266922127995,-4.873407205933702,-1.3000348186686637,-0.26574656669403396,-2.3644397835841744,370f8e9f8eb1bdb8d2ba0bc4532a2ec0e1e1001750e95a601a18d58d78d0816b,"{""scripts/analyze_repaired_adaptation.py"": ""8b7b842e4829eb54b45bc0b741891bfbde603391ed52602a6060b4992548187b"", ""scripts/plot_repaired_adaptation.py"": ""144859703ef0aca609c083764261f238e96e81824b847bc689c1fe8590306b50"", ""scripts/plot_repaired_class_changes.py"": ""c09d65a8ef0aa090ad9ab9120956ef237d930bc7e642385fa822224f22a6d834"", ""scripts/plot_repaired_common_classifier.py"": ""479d9fccbf2bca7a3c3c2bc3ee6dd737f548af2225b518d1f773320ebdcc65b5"", ""scripts/summarize_repaired_titan.py"": ""a166437fc65b86dec8fa49ae24f5ad46bf72b645b4103c4f6646f0ac9f421e72"", ""scripts/summarize_review_frozen.py"": ""362730fe9b55b2359ee55fe90575cf58b9ba4ebb78f20d3c34bac9df2732f1cd""}",3.12.3,2.4.4,3.10.9,Compute class F1 separately for each FT seed; average five seeds within each fold; subtract the same-fold common LR class F1; retain five fold contrasts; report their equal-weight mean and sample SD (ddof=1).
croma,Dunes,57.35625018987794,59.48660537624886,-2.13035518637093,1.3612225716472763,-2.504784360968074,0.05572374220177778,-2.487877070391164,-3.6659682666901787,-2.048869976007012,370f8e9f8eb1bdb8d2ba0bc4532a2ec0e1e1001750e95a601a18d58d78d0816b,"{""scripts/analyze_repaired_adaptation.py"": ""8b7b842e4829eb54b45bc0b741891bfbde603391ed52602a6060b4992548187b"", ""scripts/plot_repaired_adaptation.py"": ""144859703ef0aca609c083764261f238e96e81824b847bc689c1fe8590306b50"", ""scripts/plot_repaired_class_changes.py"": ""c09d65a8ef0aa090ad9ab9120956ef237d930bc7e642385fa822224f22a6d834"", ""scripts/plot_repaired_common_classifier.py"": ""479d9fccbf2bca7a3c3c2bc3ee6dd737f548af2225b518d1f773320ebdcc65b5"", ""scripts/summarize_repaired_titan.py"": ""a166437fc65b86dec8fa49ae24f5ad46bf72b645b4103c4f6646f0ac9f421e72"", ""scripts/summarize_review_frozen.py"": ""362730fe9b55b2359ee55fe90575cf58b9ba4ebb78f20d3c34bac9df2732f1cd""}",3.12.3,2.4.4,3.10.9,Compute class F1 separately for each FT seed; average five seeds within each fold; subtract the same-fold common LR class F1; retain five fold contrasts; report their equal-weight mean and sample SD (ddof=1).
croma,Hummocky,53.81688413481813,54.139898815154666,-0.32301468033653435,3.259139178401097,-1.1520104089592778,0.9601780553276953,-3.890990569582385,4.5936272674206435,-2.1258777458893476,370f8e9f8eb1bdb8d2ba0bc4532a2ec0e1e1001750e95a601a18d58d78d0816b,"{""scripts/analyze_repaired_adaptation.py"": ""8b7b842e4829eb54b45bc0b741891bfbde603391ed52602a6060b4992548187b"", ""scripts/plot_repaired_adaptation.py"": ""144859703ef0aca609c083764261f238e96e81824b847bc689c1fe8590306b50"", ""scripts/plot_repaired_class_changes.py"": ""c09d65a8ef0aa090ad9ab9120956ef237d930bc7e642385fa822224f22a6d834"", ""scripts/plot_repaired_common_classifier.py"": ""479d9fccbf2bca7a3c3c2bc3ee6dd737f548af2225b518d1f773320ebdcc65b5"", ""scripts/summarize_repaired_titan.py"": ""a166437fc65b86dec8fa49ae24f5ad46bf72b645b4103c4f6646f0ac9f421e72"", ""scripts/summarize_review_frozen.py"": ""362730fe9b55b2359ee55fe90575cf58b9ba4ebb78f20d3c34bac9df2732f1cd""}",3.12.3,2.4.4,3.10.9,Compute class F1 separately for each FT seed; average five seeds within each fold; subtract the same-fold common LR class F1; retain five fold contrasts; report their equal-weight mean and sample SD (ddof=1).
croma,Labyrinths,25.856868448617586,25.164435496709224,0.6924329519083656,4.459762391119941,-2.340280386468187,-0.09623905840436109,-1.386493394052824,8.54206809857897,-1.2568905001117692,370f8e9f8eb1bdb8d2ba0bc4532a2ec0e1e1001750e95a601a18d58d78d0816b,"{""scripts/analyze_repaired_adaptation.py"": ""8b7b842e4829eb54b45bc0b741891bfbde603391ed52602a6060b4992548187b"", ""scripts/plot_repaired_adaptation.py"": ""144859703ef0aca609c083764261f238e96e81824b847bc689c1fe8590306b50"", ""scripts/plot_repaired_class_changes.py"": ""c09d65a8ef0aa090ad9ab9120956ef237d930bc7e642385fa822224f22a6d834"", ""scripts/plot_repaired_common_classifier.py"": ""479d9fccbf2bca7a3c3c2bc3ee6dd737f548af2225b518d1f773320ebdcc65b5"", ""scripts/summarize_repaired_titan.py"": ""a166437fc65b86dec8fa49ae24f5ad46bf72b645b4103c4f6646f0ac9f421e72"", ""scripts/summarize_review_frozen.py"": ""362730fe9b55b2359ee55fe90575cf58b9ba4ebb78f20d3c34bac9df2732f1cd""}",3.12.3,2.4.4,3.10.9,Compute class F1 separately for each FT seed; average five seeds within each fold; subtract the same-fold common LR class F1; retain five fold contrasts; report their equal-weight mean and sample SD (ddof=1).
croma,Lakes,21.267109010067365,18.327328748140832,2.9397802619265336,7.98845312595355,16.79004540747656,1.9759209552108032,0.3367223935930772,-3.3962828998390635,-1.0075045468087076,370f8e9f8eb1bdb8d2ba0bc4532a2ec0e1e1001750e95a601a18d58d78d0816b,"{""scripts/analyze_repaired_adaptation.py"": ""8b7b842e4829eb54b45bc0b741891bfbde603391ed52602a6060b4992548187b"", ""scripts/plot_repaired_adaptation.py"": ""144859703ef0aca609c083764261f238e96e81824b847bc689c1fe8590306b50"", ""scripts/plot_repaired_class_changes.py"": ""c09d65a8ef0aa090ad9ab9120956ef237d930bc7e642385fa822224f22a6d834"", ""scripts/plot_repaired_common_classifier.py"": ""479d9fccbf2bca7a3c3c2bc3ee6dd737f548af2225b518d1f773320ebdcc65b5"", ""scripts/summarize_repaired_titan.py"": ""a166437fc65b86dec8fa49ae24f5ad46bf72b645b4103c4f6646f0ac9f421e72"", ""scripts/summarize_review_frozen.py"": ""362730fe9b55b2359ee55fe90575cf58b9ba4ebb78f20d3c34bac9df2732f1cd""}",3.12.3,2.4.4,3.10.9,Compute class F1 separately for each FT seed; average five seeds within each fold; subtract the same-fold common LR class F1; retain five fold contrasts; report their equal-weight mean and sample SD (ddof=1).
croma,Craters,1.9458393566529537,1.7065779748706578,0.23926138178229572,1.2746012261849762,-1.5882352941176472,0.0,0.5981391227292867,0.22308022308022357,1.9633228572196155,370f8e9f8eb1bdb8d2ba0bc4532a2ec0e1e1001750e95a601a18d58d78d0816b,"{""scripts/analyze_repaired_adaptation.py"": ""8b7b842e4829eb54b45bc0b741891bfbde603391ed52602a6060b4992548187b"", ""scripts/plot_repaired_adaptation.py"": ""144859703ef0aca609c083764261f238e96e81824b847bc689c1fe8590306b50"", ""scripts/plot_repaired_class_changes.py"": ""c09d65a8ef0aa090ad9ab9120956ef237d930bc7e642385fa822224f22a6d834"", ""scripts/plot_repaired_common_classifier.py"": ""479d9fccbf2bca7a3c3c2bc3ee6dd737f548af2225b518d1f773320ebdcc65b5"", ""scripts/summarize_repaired_titan.py"": ""a166437fc65b86dec8fa49ae24f5ad46bf72b645b4103c4f6646f0ac9f421e72"", ""scripts/summarize_review_frozen.py"": ""362730fe9b55b2359ee55fe90575cf58b9ba4ebb78f20d3c34bac9df2732f1cd""}",3.12.3,2.4.4,3.10.9,Compute class F1 separately for each FT seed; average five seeds within each fold; subtract the same-fold common LR class F1; retain five fold contrasts; report their equal-weight mean and sample SD (ddof=1).
