model,aggregation,class_name,precision,recall,f1
dinov2,equal_fold_primary,macro,0.0510751003541256,0.09234123315841347,0.04346809895895132
dinov2,equal_fold_primary,plains,0.02825399634866399,-0.00894098372254204,0.0014000562941030026
dinov2,equal_fold_primary,dunes,0.08567118763716874,0.03478395141917123,0.06330151230576064
dinov2,equal_fold_primary,hummocky,0.08843045378256675,0.0031186817203393558,0.049029489966839424
dinov2,equal_fold_primary,labyrinths,0.048648983293722026,0.24932407316363142,0.10373499707960931
dinov2,equal_fold_primary,lakes,0.022769020100274942,0.11964731259158257,0.030045054058359527
dinov2,equal_fold_primary,craters,0.03267696096235739,0.15611436377829818,0.013297484049036579
dinov2,pooled_test_secondary,macro,0.03444587669681082,0.09181706586518795,0.04554848207570311
dinov2,pooled_test_secondary,plains,0.026804976621520704,-0.009983123458392806,0.004068104312024534
dinov2,pooled_test_secondary,dunes,0.06119224414412561,0.04699343102577069,0.05503966336483557
dinov2,pooled_test_secondary,hummocky,0.05558133296774426,0.015161407326804599,0.04468067863615249
dinov2,pooled_test_secondary,labyrinths,0.0317528094854268,0.2594377510040161,0.09068829219281005
dinov2,pooled_test_secondary,lakes,0.00970884569307709,0.11353535353535354,0.04056656677861453
dinov2,pooled_test_secondary,craters,0.021635051268970383,0.1257575757575758,0.03824758716978127
dofa,equal_fold_primary,macro,-0.1611533894639811,-0.19357370328272322,-0.20233673802204422
dofa,equal_fold_primary,plains,-0.17934939155229623,-0.23304271312233948,-0.24746937654859064
dofa,equal_fold_primary,dunes,-0.28919554262992103,-0.04177623812344278,-0.25405768008291674
dofa,equal_fold_primary,hummocky,-0.42470441516287233,-0.6158399427034394,-0.49288174550809366
dofa,equal_fold_primary,labyrinths,-0.044514044616843856,-0.22316325219815708,-0.13288325942411372
dofa,equal_fold_primary,lakes,-0.0158773631467497,-0.006841385024370705,-0.0706695143458353
dofa,equal_fold_primary,craters,-0.013279579675203568,-0.04077868852459016,-0.01605885222271549
dofa,pooled_test_secondary,macro,-0.1702575397713756,-0.21601445788368967,-0.21471392118055924
dofa,pooled_test_secondary,plains,-0.16862272238651832,-0.24695573153316885,-0.23144933369338294
dofa,pooled_test_secondary,dunes,-0.3252432677285246,-0.0643254168772106,-0.2831469632759496
dofa,pooled_test_secondary,hummocky,-0.36161917597227566,-0.6926369241929633,-0.5439554738406879
dofa,pooled_test_secondary,labyrinths,-0.05406049376984104,-0.24216867469879516,-0.11613932798894035
dofa,pooled_test_secondary,lakes,-0.09433173424812544,-0.012121212121212116,-0.08949604274222617
dofa,pooled_test_secondary,craters,-0.0176678445229682,-0.03787878787878788,-0.024096385542168676
croma,equal_fold_primary,macro,0.0030269968358372923,0.017024941702687812,-0.0017036104741815494
croma,equal_fold_primary,plains,0.005037012025145948,-0.038673666637273896,-0.02440271013418671
croma,equal_fold_primary,dunes,-0.008661530640774573,-0.027523289429286946,-0.021303551863709247
croma,equal_fold_primary,hummocky,0.0005978638109853662,-0.005488755451534266,-0.003230146803365308
croma,equal_fold_primary,labyrinths,-0.004073458813469433,0.09153708487154832,0.006924329519083672
croma,equal_fold_primary,lakes,0.012296342997269893,0.06766322612106535,0.029397802619265334
croma,equal_fold_primary,craters,0.012965751635866721,0.014635050741608112,0.002392613817822957
croma,pooled_test_secondary,macro,0.005474626086298173,0.04005714078659117,0.008475170532101839
croma,pooled_test_secondary,plains,0.002666065728109346,-0.03596001557834616,-0.0220203063151323
croma,pooled_test_secondary,dunes,-0.009727615145059154,-0.03527033855482575,-0.021059197559539666
croma,pooled_test_secondary,hummocky,0.006847009241397528,0.02190787087413859,0.011619511922336456
croma,pooled_test_secondary,labyrinths,-0.026839740565315684,0.10522088353413656,-0.012744572076828664
croma,pooled_test_secondary,lakes,0.053685638444261885,0.14505050505050504,0.08432106320820557
croma,pooled_test_secondary,craters,0.006216398814394633,0.039393939393939405,0.010734524013569967
