model,aggregation,recipe,seed,class_name,precision,recall,f1
dinov2,equal_fold_primary,adaptation,mean,macro,0.40597282849875355,0.5228144460783598,0.4115516588321214
dinov2,equal_fold_primary,adaptation,mean,plains,0.8804912932475102,0.6802667536766902,0.7624295964416034
dinov2,equal_fold_primary,adaptation,mean,dunes,0.6179976343748204,0.715150144187817,0.6575829618131869
dinov2,equal_fold_primary,adaptation,mean,hummocky,0.4620736339537248,0.5796175170701711,0.4933559017534496
dinov2,equal_fold_primary,adaptation,mean,labyrinths,0.30103490762732327,0.6380845152258526,0.3822566935155763
dinov2,equal_fold_primary,adaptation,mean,lakes,0.1278238020880466,0.32836766824561525,0.14097211074151378
dinov2,equal_fold_primary,adaptation,mean,craters,0.04641569970109613,0.19540007806401247,0.03271268872739915
dinov2,equal_fold_primary,lr,mean,macro,0.35489772814462794,0.43047321291994634,0.3680835598731701
dinov2,equal_fold_primary,lr,mean,plains,0.8522372968988462,0.6892077373992322,0.7610295401475003
dinov2,equal_fold_primary,lr,mean,dunes,0.5323264467376516,0.6803661927686457,0.5942814495074262
dinov2,equal_fold_primary,lr,mean,hummocky,0.37364318017115805,0.5764988353498317,0.4443264117866102
dinov2,equal_fold_primary,lr,mean,labyrinths,0.25238592433360124,0.3887604420622212,0.27852169643596697
dinov2,equal_fold_primary,lr,mean,lakes,0.10505478198777167,0.20872035565403269,0.11092705668315425
dinov2,equal_fold_primary,lr,mean,craters,0.013738738738738737,0.039285714285714285,0.019415204678362573
dinov2,pooled_test_secondary,adaptation,mean,macro,0.3996338596176069,0.5131596461975461,0.42986069106513447
dinov2,pooled_test_secondary,adaptation,mean,plains,0.8803910339663122,0.6798779696222251,0.767107914772591
dinov2,pooled_test_secondary,adaptation,mean,dunes,0.6197199995745359,0.7486104092976251,0.6769881516067169
dinov2,pooled_test_secondary,adaptation,mean,hummocky,0.4505220804609074,0.6437431991294886,0.5297751502946549
dinov2,pooled_test_secondary,adaptation,mean,labyrinths,0.27236477054245045,0.6068273092369478,0.3749939618723499
dinov2,pooled_test_secondary,adaptation,mean,lakes,0.1413359023658376,0.258989898989899,0.17876234412986214
dinov2,pooled_test_secondary,adaptation,mean,craters,0.0334693707955976,0.14090909090909093,0.05153662371463177
dinov2,pooled_test_secondary,lr,mean,macro,0.3651879829207961,0.4213425803323581,0.38431220898943136
dinov2,pooled_test_secondary,lr,mean,plains,0.8535860573447915,0.6898610930806179,0.7630398104605665
dinov2,pooled_test_secondary,lr,mean,dunes,0.5585277554304103,0.7016169782718544,0.6219484882418813
dinov2,pooled_test_secondary,lr,mean,hummocky,0.39494074749316316,0.628581791802684,0.48509447165850245
dinov2,pooled_test_secondary,lr,mean,labyrinths,0.24061196105702365,0.3473895582329317,0.28430566967953985
dinov2,pooled_test_secondary,lr,mean,lakes,0.1316270566727605,0.14545454545454545,0.1381957773512476
dinov2,pooled_test_secondary,lr,mean,craters,0.011834319526627219,0.015151515151515152,0.013289036544850499
dinov2,pooled_test_secondary,adaptation,0,macro,0.4078254525399016,0.5141370290298058,0.4400740465927258
dinov2,pooled_test_secondary,adaptation,0,plains,0.8790946502057613,0.6933013111774633,0.7752213673973001
dinov2,pooled_test_secondary,adaptation,0,dunes,0.6366774541531823,0.7455785750378979,0.686838124054463
dinov2,pooled_test_secondary,adaptation,0,hummocky,0.45544794188861987,0.6822633297062024,0.5462465514737912
dinov2,pooled_test_secondary,adaptation,0,labyrinths,0.2955715756951596,0.5763052208835341,0.3907420013614704
dinov2,pooled_test_secondary,adaptation,0,lakes,0.14414414414414414,0.2585858585858586,0.18510484454085321
dinov2,pooled_test_secondary,adaptation,0,craters,0.036016949152542374,0.12878787878787878,0.056291390728476824
dinov2,pooled_test_secondary,adaptation,1,macro,0.3890223173509746,0.5108151367621265,0.4225562221519316
dinov2,pooled_test_secondary,adaptation,1,plains,0.8859119943222143,0.6481890172660003,0.7486318314716246
dinov2,pooled_test_secondary,adaptation,1,dunes,0.574611100441713,0.7559373420919656,0.6529187124931806
dinov2,pooled_test_secondary,adaptation,1,hummocky,0.4441799571530588,0.676822633297062,0.5363610232825524
dinov2,pooled_test_secondary,adaptation,1,labyrinths,0.23857868020304568,0.5662650602409639,0.3357142857142857
dinov2,pooled_test_secondary,adaptation,1,lakes,0.1400709219858156,0.3191919191919192,0.1947011706715958
dinov2,pooled_test_secondary,adaptation,1,craters,0.05078125,0.09848484848484848,0.06701030927835051
dinov2,pooled_test_secondary,adaptation,2,macro,0.4051774190694184,0.5251969313307908,0.43103526174222173
dinov2,pooled_test_secondary,adaptation,2,plains,0.8730527013589658,0.6838893937426976,0.766979689888622
dinov2,pooled_test_secondary,adaptation,2,dunes,0.6818615751789976,0.7218292066700354,0.7012763868433971
dinov2,pooled_test_secondary,adaptation,2,hummocky,0.4292058516196447,0.5959376133478419,0.4990129081245254
dinov2,pooled_test_secondary,adaptation,2,labyrinths,0.25806451612903225,0.5783132530120482,0.35687732342007433
dinov2,pooled_test_secondary,adaptation,2,lakes,0.15584415584415584,0.2909090909090909,0.2029598308668076
dinov2,pooled_test_secondary,adaptation,2,craters,0.033035714285714286,0.2803030303030303,0.05910543130990415
dinov2,pooled_test_secondary,adaptation,3,macro,0.4042276219779692,0.507130489674951,0.43298667994680157
dinov2,pooled_test_secondary,adaptation,3,plains,0.8838555013639745,0.6940153187069973,0.7775151801621641
dinov2,pooled_test_secondary,adaptation,3,dunes,0.5918799307292669,0.7771601819100555,0.6719825232113599
dinov2,pooled_test_secondary,adaptation,3,hummocky,0.4466753585397653,0.6213275299238302,0.5197208737864077
dinov2,pooled_test_secondary,adaptation,3,labyrinths,0.30685203574975173,0.6204819277108434,0.4106312292358804
dinov2,pooled_test_secondary,adaptation,3,lakes,0.15942028985507245,0.15555555555555556,0.1574642126789366
dinov2,pooled_test_secondary,adaptation,3,craters,0.03668261562998405,0.17424242424242425,0.06060606060606061
dinov2,pooled_test_secondary,adaptation,4,macro,0.3919164871497706,0.5085186441900561,0.4226512448919915
dinov2,pooled_test_secondary,adaptation,4,plains,0.8800403225806451,0.679994807217967,0.7671915049432443
dinov2,pooled_test_secondary,adaptation,4,dunes,0.6135699373695198,0.7425467407781708,0.6719250114311842
dinov2,pooled_test_secondary,adaptation,4,hummocky,0.4771012931034483,0.6423648893725064,0.5475343948059979
dinov2,pooled_test_secondary,adaptation,4,labyrinths,0.26275704493526275,0.6927710843373494,0.38100496963003866
dinov2,pooled_test_secondary,adaptation,4,lakes,0.1072,0.27070707070707073,0.15358166189111747
dinov2,pooled_test_secondary,adaptation,4,craters,0.010830324909747292,0.022727272727272728,0.014669926650366748
dofa,equal_fold_primary,adaptation,mean,macro,0.19124158053419116,0.2375822304061912,0.15680120041690132
dofa,equal_fold_primary,adaptation,mean,plains,0.6803678713749367,0.4244762300868178,0.4967017858635862
dofa,equal_fold_primary,adaptation,mean,dunes,0.24073827279933574,0.6179019120947113,0.3249175614742107
dofa,equal_fold_primary,adaptation,mean,hummocky,0.018723404255319147,0.002365591397849463,0.004200477326968974
dofa,equal_fold_primary,adaptation,mean,labyrinths,0.09382890869218838,0.107823354747223,0.048370075620839184
dofa,equal_fold_primary,adaptation,mean,lakes,0.11379102608336708,0.27292629411054536,0.06661730221580275
dofa,equal_fold_primary,adaptation,mean,craters,0.0,0.0,0.0
dofa,equal_fold_primary,lr,mean,macro,0.35239496999817227,0.4311559336889144,0.35913793843894554
dofa,equal_fold_primary,lr,mean,plains,0.8597172629272329,0.6575189432091573,0.7441711624121768
dofa,equal_fold_primary,lr,mean,dunes,0.5299338154292568,0.6596781502181541,0.5789752415571274
dofa,equal_fold_primary,lr,mean,hummocky,0.4434278194181915,0.6182055341012889,0.49708222283506265
dofa,equal_fold_primary,lr,mean,labyrinths,0.13834295330903223,0.33098660694538007,0.1812533350449529
dofa,equal_fold_primary,lr,mean,lakes,0.12966838923011678,0.27976767913491607,0.13728681656163805
dofa,equal_fold_primary,lr,mean,craters,0.013279579675203568,0.04077868852459016,0.01605885222271549
dofa,pooled_test_secondary,adaptation,mean,macro,0.1856077755967191,0.21338790581907602,0.16213071744432253
dofa,pooled_test_secondary,adaptation,mean,plains,0.6911524445478068,0.4133065039594963,0.5154758049048475
dofa,pooled_test_secondary,adaptation,mean,dunes,0.21818254650549235,0.6185952501263265,0.322092624722259
dofa,pooled_test_secondary,adaptation,mean,hummocky,0.08979591836734693,0.001595937613347842,0.0031361368496079832
dofa,pooled_test_secondary,adaptation,mean,labyrinths,0.07194271650303216,0.07309236947791165,0.06390654357069268
dofa,pooled_test_secondary,adaptation,mean,lakes,0.042573027656636474,0.17373737373737375,0.06817319461852792
dofa,pooled_test_secondary,adaptation,mean,craters,0.0,0.0,0.0
dofa,pooled_test_secondary,lr,mean,macro,0.3558653153680947,0.4294023637027657,0.37684463862488177
dofa,pooled_test_secondary,lr,mean,plains,0.8597751669343251,0.6602622354926652,0.7469251385982304
dofa,pooled_test_secondary,lr,mean,dunes,0.5434258142340169,0.6829206670035372,0.6052395879982087
dofa,pooled_test_secondary,lr,mean,hummocky,0.4514150943396226,0.6942328618063112,0.5470916106902959
dofa,pooled_test_secondary,lr,mean,labyrinths,0.1260032102728732,0.3152610441767068,0.18004587155963303
dofa,pooled_test_secondary,lr,mean,lakes,0.13690476190476192,0.18585858585858586,0.15766923736075408
dofa,pooled_test_secondary,lr,mean,craters,0.0176678445229682,0.03787878787878788,0.024096385542168676
dofa,pooled_test_secondary,adaptation,0,macro,0.23890146219074215,0.2057563404987807,0.1542609660822204
dofa,pooled_test_secondary,adaptation,0,plains,0.7026112185686654,0.37725561469557317,0.4909198412028043
dofa,pooled_test_secondary,adaptation,0,dunes,0.22036850307085892,0.607377463365336,0.3234008206094034
dofa,pooled_test_secondary,adaptation,0,hummocky,0.4489795918367347,0.00797968806673921,0.015680684248039915
dofa,pooled_test_secondary,adaptation,0,labyrinths,0.03261734287987271,0.0823293172690763,0.046723646723646726
dofa,pooled_test_secondary,adaptation,0,lakes,0.028832116788321167,0.1595959595959596,0.04884080370942813
dofa,pooled_test_secondary,adaptation,0,craters,0.0,0.0,0.0
dofa,pooled_test_secondary,adaptation,1,macro,0.17984452949555685,0.20758319233192832,0.169480514894744
dofa,pooled_test_secondary,adaptation,1,plains,0.6823613981489801,0.4929248344800727,0.572376107028453
dofa,pooled_test_secondary,adaptation,1,dunes,0.23321123321123322,0.5790803436078827,0.3325112432902945
dofa,pooled_test_secondary,adaptation,1,hummocky,0.0,0.0,0.0
dofa,pooled_test_secondary,adaptation,1,labyrinths,0.13245033112582782,0.040160642570281124,0.061633281972265024
dofa,pooled_test_secondary,adaptation,1,lakes,0.031044214487300093,0.13333333333333333,0.05036245707745136
dofa,pooled_test_secondary,adaptation,1,craters,0.0,0.0,0.0
dofa,pooled_test_secondary,adaptation,2,macro,0.16438776938436517,0.20671034994231827,0.1588889936129895
dofa,pooled_test_secondary,adaptation,2,plains,0.6750962639192424,0.42106971309879265,0.5186488107135718
dofa,pooled_test_secondary,adaptation,2,dunes,0.21268257926612041,0.6033350176856999,0.31450019755037534
dofa,pooled_test_secondary,adaptation,2,hummocky,0.0,0.0,0.0
dofa,pooled_test_secondary,adaptation,2,labyrinths,0.05656108597285068,0.050200803212851405,0.05319148936170213
dofa,pooled_test_secondary,adaptation,2,lakes,0.04198668714797747,0.16565656565656567,0.06699346405228758
dofa,pooled_test_secondary,adaptation,2,craters,0.0,0.0,0.0
dofa,pooled_test_secondary,adaptation,3,macro,0.1646701357850811,0.20857715058906834,0.15919639092508905
dofa,pooled_test_secondary,adaptation,3,plains,0.6877029660099588,0.4123718031935609,0.5155818860574582
dofa,pooled_test_secondary,adaptation,3,dunes,0.20330593122955892,0.5811015664477008,0.3012245432519154
dofa,pooled_test_secondary,adaptation,3,hummocky,0.0,0.0,0.0
dofa,pooled_test_secondary,adaptation,3,labyrinths,0.05168776371308017,0.09839357429718876,0.0677731673582296
dofa,pooled_test_secondary,adaptation,3,lakes,0.045324153757888695,0.1595959595959596,0.07059874888293119
dofa,pooled_test_secondary,adaptation,3,craters,0.0,0.0,0.0
dofa,pooled_test_secondary,adaptation,4,macro,0.18023498112785022,0.2383124957332843,0.16882672170656962
dofa,pooled_test_secondary,adaptation,4,plains,0.707990376092187,0.362910554329482,0.47985237952195
dofa,pooled_test_secondary,adaptation,4,dunes,0.2213444857496902,0.7220818595250126,0.3388263189093065
dofa,pooled_test_secondary,adaptation,4,hummocky,0.0,0.0,0.0
dofa,pooled_test_secondary,adaptation,4,labyrinths,0.08639705882352941,0.09437751004016064,0.09021113243761997
dofa,pooled_test_secondary,adaptation,4,lakes,0.06567796610169492,0.2505050505050505,0.10407049937054133
dofa,pooled_test_secondary,adaptation,4,craters,0.0,0.0,0.0
croma,equal_fold_primary,adaptation,mean,macro,0.38760370146156103,0.489346454958132,0.39170628166986016
croma,equal_fold_primary,adaptation,mean,plains,0.8771447666146294,0.6562726891309157,0.747808178618821
croma,equal_fold_primary,adaptation,mean,dunes,0.5527856903305903,0.6192179660275614,0.5735625018987793
croma,equal_fold_primary,adaptation,mean,hummocky,0.48693411013522675,0.6512857117991475,0.5381688413481813
croma,equal_fold_primary,adaptation,mean,labyrinths,0.1879865513145747,0.5409372204408911,0.2585686844861759
croma,equal_fold_primary,adaptation,mean,lakes,0.1964416658808003,0.4063940260348978,0.21267109010067364
croma,equal_fold_primary,adaptation,mean,craters,0.024329424493544825,0.061971116315378605,0.019458393566529536
croma,equal_fold_primary,lr,mean,macro,0.38457670462572374,0.4723215132554442,0.3934098921440417
croma,equal_fold_primary,lr,mean,plains,0.8721077545894834,0.6949463557681896,0.7722108887530077
croma,equal_fold_primary,lr,mean,dunes,0.5614472209713649,0.6467412554568484,0.5948660537624886
croma,equal_fold_primary,lr,mean,hummocky,0.4863362463242414,0.6567744672506818,0.5413989881515466
croma,equal_fold_primary,lr,mean,labyrinths,0.19206001012804413,0.4494001355693428,0.25164435496709225
croma,equal_fold_primary,lr,mean,lakes,0.18414532288353042,0.3387307999138325,0.1832732874814083
croma,equal_fold_primary,lr,mean,craters,0.011363672857678104,0.04733606557377049,0.01706577974870658
croma,pooled_test_secondary,adaptation,mean,macro,0.3908891931509292,0.5053562225968534,0.4182436070153589
croma,pooled_test_secondary,adaptation,mean,plains,0.8751662697930837,0.6578605738024146,0.7509485623257182
croma,pooled_test_secondary,adaptation,mean,dunes,0.5625615414814469,0.6367862556846892,0.5971141698585407
croma,pooled_test_secondary,adaptation,mean,hummocky,0.48355734403033496,0.734639100471527,0.5829234805224237
croma,pooled_test_secondary,adaptation,mean,labyrinths,0.1619974687370099,0.51285140562249,0.2453609587559749
croma,pooled_test_secondary,adaptation,mean,lakes,0.24137332613194956,0.3975757575757576,0.29965267388865346
croma,pooled_test_secondary,adaptation,mean,craters,0.020679208731750005,0.09242424242424244,0.033461796740842695
croma,pooled_test_secondary,lr,mean,macro,0.385414567064631,0.46529908181026225,0.40976843648325706
croma,pooled_test_secondary,lr,mean,plains,0.8725002040649743,0.6938205893807607,0.7729688686408505
croma,pooled_test_secondary,lr,mean,dunes,0.572289156626506,0.6720565942395149,0.6181733674180804
croma,pooled_test_secondary,lr,mean,hummocky,0.47671033478893743,0.7127312295973884,0.5713039686000873
croma,pooled_test_secondary,lr,mean,labyrinths,0.1888372093023256,0.40763052208835343,0.2581055308328036
croma,pooled_test_secondary,lr,mean,lakes,0.18768768768768768,0.25252525252525254,0.2153316106804479
croma,pooled_test_secondary,lr,mean,craters,0.014462809917355372,0.05303030303030303,0.022727272727272728
croma,pooled_test_secondary,adaptation,0,macro,0.404166424348124,0.5272218629456903,0.4346667309608852
croma,pooled_test_secondary,adaptation,0,plains,0.8726007878635488,0.6757756718161755,0.7616783114460255
croma,pooled_test_secondary,adaptation,0,dunes,0.5926269418038488,0.6457806973218797,0.6180631120783461
croma,pooled_test_secondary,adaptation,0,hummocky,0.4996282527881041,0.7312295973884657,0.5936395759717314
croma,pooled_test_secondary,adaptation,0,labyrinths,0.1823402727925341,0.5100401606425703,0.2686409307244844
croma,pooled_test_secondary,adaptation,0,lakes,0.24563445867287545,0.4262626262626263,0.31166912850812406
croma,pooled_test_secondary,adaptation,0,craters,0.032167832167832165,0.17424242424242425,0.05430932703659976
croma,pooled_test_secondary,adaptation,1,macro,0.404277001073776,0.5281996872097151,0.4316468252138226
croma,pooled_test_secondary,adaptation,1,plains,0.8821713870733479,0.6307931974555369,0.7355991219438347
croma,pooled_test_secondary,adaptation,1,dunes,0.5608409428753451,0.667256189994947,0.6094380985346718
croma,pooled_test_secondary,adaptation,1,hummocky,0.4781619654231119,0.7624229234675372,0.5877254298895568
croma,pooled_test_secondary,adaptation,1,labyrinths,0.13576642335766423,0.5602409638554217,0.21856639247943596
croma,pooled_test_secondary,adaptation,1,lakes,0.3521923620933522,0.503030303030303,0.41430948419301167
croma,pooled_test_secondary,adaptation,1,craters,0.01652892561983471,0.045454545454545456,0.024242424242424242
croma,pooled_test_secondary,adaptation,2,macro,0.39478936926182895,0.5243235502253261,0.42589822419288487
croma,pooled_test_secondary,adaptation,2,plains,0.8818739054290718,0.6537063481760353,0.75083873853724
croma,pooled_test_secondary,adaptation,2,dunes,0.5597159457714654,0.6571500757958565,0.6045322486926206
croma,pooled_test_secondary,adaptation,2,hummocky,0.48535871156661786,0.721436343852013,0.5803063457330416
croma,pooled_test_secondary,adaptation,2,labyrinths,0.1631578947368421,0.4979919678714859,0.24578790882061446
croma,pooled_test_secondary,adaptation,2,lakes,0.24591947769314473,0.45656565656565656,0.31966053748231965
croma,pooled_test_secondary,adaptation,2,craters,0.03271028037383177,0.1590909090909091,0.05426356589147287
croma,pooled_test_secondary,adaptation,3,macro,0.37052268968951724,0.462929612958148,0.3931840125403743
croma,pooled_test_secondary,adaptation,3,plains,0.8682203034621511,0.6722705439439179,0.7577830620084142
croma,pooled_test_secondary,adaptation,3,dunes,0.5322865988500664,0.6081354219302678,0.567688679245283
croma,pooled_test_secondary,adaptation,3,hummocky,0.4981160512434062,0.719260065288357,0.5886019590382903
croma,pooled_test_secondary,adaptation,3,labyrinths,0.14574402939375383,0.4779116465863454,0.22336931018301268
croma,pooled_test_secondary,adaptation,3,lakes,0.16427640156453716,0.2545454545454545,0.19968304278922344
croma,pooled_test_secondary,adaptation,3,craters,0.014492753623188406,0.045454545454545456,0.02197802197802198
croma,pooled_test_secondary,adaptation,4,macro,0.3806904813813999,0.4841063996453878,0.4058222421688278
croma,pooled_test_secondary,adaptation,4,plains,0.8709649651372988,0.6567571076204076,0.7488435776930763
croma,pooled_test_secondary,adaptation,4,dunes,0.5673372781065089,0.6056088933804952,0.5858487107417818
croma,pooled_test_secondary,adaptation,4,hummocky,0.45652173913043476,0.7388465723612623,0.5643440919794985
croma,pooled_test_secondary,adaptation,4,labyrinths,0.1829787234042553,0.5180722891566265,0.27044025157232704
croma,pooled_test_secondary,adaptation,4,lakes,0.19884393063583816,0.3474747474747475,0.2529411764705882
croma,pooled_test_secondary,adaptation,4,craters,0.0074962518740629685,0.03787878787878788,0.012515644555694618
