model,fold,subset,draw,n,plains,dunes,hummocky,labyrinths,lakes,craters,baseline_errors,substitution_errors,baseline_error_rate,substitution_error_rate,difference
dinov2,0,exposed,0,207,146,6,38,7,10,0,85,80,0.4106280193236715,0.3864734299516908,-0.024154589371980676
dinov2,0,exposed,1,207,146,6,38,7,10,0,85,79,0.4106280193236715,0.38164251207729466,-0.028985507246376812
dinov2,0,exposed,2,207,146,6,38,7,10,0,85,80,0.4106280193236715,0.3864734299516908,-0.024154589371980676
dinov2,0,exposed,3,207,146,6,38,7,10,0,85,79,0.4106280193236715,0.38164251207729466,-0.028985507246376812
dinov2,0,exposed,4,207,146,6,38,7,10,0,85,81,0.4106280193236715,0.391304347826087,-0.01932367149758454
dinov2,0,exposed,mean,207,146,6,38,7,10,0,85,79.8,0.4106280193236715,0.3855072463768116,-0.025120772946859916
dinov2,0,remaining,0,3453,2340,486,334,44,241,8,1211,1197,0.350709527946713,0.3466550825369244,-0.00405444540978859
dinov2,0,remaining,1,3453,2340,486,334,44,241,8,1211,1217,0.350709527946713,0.35244714740805094,0.0017376194613379669
dinov2,0,remaining,2,3453,2340,486,334,44,241,8,1211,1210,0.350709527946713,0.3504199247031567,-0.0002896032435563278
dinov2,0,remaining,3,3453,2340,486,334,44,241,8,1211,1219,0.350709527946713,0.3530263538951636,0.0023168259484506225
dinov2,0,remaining,4,3453,2340,486,334,44,241,8,1211,1212,0.350709527946713,0.3509991311902693,0.0002896032435563278
dinov2,0,remaining,mean,3453,2340,486,334,44,241,8,1211,1211.0,0.350709527946713,0.350709527946713,0.0
dinov2,0,full,0,3660,2486,492,372,51,251,8,1296,1277,0.3540983606557377,0.3489071038251366,-0.005191256830601093
dinov2,0,full,1,3660,2486,492,372,51,251,8,1296,1296,0.3540983606557377,0.3540983606557377,0.0
dinov2,0,full,2,3660,2486,492,372,51,251,8,1296,1290,0.3540983606557377,0.3524590163934426,-0.001639344262295082
dinov2,0,full,3,3660,2486,492,372,51,251,8,1296,1298,0.3540983606557377,0.3546448087431694,0.000546448087431694
dinov2,0,full,4,3660,2486,492,372,51,251,8,1296,1293,0.3540983606557377,0.35327868852459016,-0.000819672131147541
dinov2,0,full,mean,3660,2486,492,372,51,251,8,1296,1290.8,0.3540983606557377,0.3526775956284153,-0.0014207650273224167
dofa,0,exposed,0,207,146,6,38,7,10,0,90,82,0.43478260869565216,0.3961352657004831,-0.03864734299516908
dofa,0,exposed,1,207,146,6,38,7,10,0,90,87,0.43478260869565216,0.42028985507246375,-0.014492753623188406
dofa,0,exposed,2,207,146,6,38,7,10,0,90,84,0.43478260869565216,0.4057971014492754,-0.028985507246376812
dofa,0,exposed,3,207,146,6,38,7,10,0,90,87,0.43478260869565216,0.42028985507246375,-0.014492753623188406
dofa,0,exposed,4,207,146,6,38,7,10,0,90,85,0.43478260869565216,0.4106280193236715,-0.024154589371980676
dofa,0,exposed,mean,207,146,6,38,7,10,0,90,85.0,0.43478260869565216,0.4106280193236715,-0.024154589371980676
dofa,0,remaining,0,3453,2340,486,334,44,241,8,1381,1361,0.3999420793512887,0.3941500144801622,-0.005792064871126557
dofa,0,remaining,1,3453,2340,486,334,44,241,8,1381,1353,0.3999420793512887,0.39183318853171156,-0.00810889081957718
dofa,0,remaining,2,3453,2340,486,334,44,241,8,1381,1351,0.3999420793512887,0.3912539820445989,-0.008688097306689836
dofa,0,remaining,3,3453,2340,486,334,44,241,8,1381,1350,0.3999420793512887,0.39096437880104257,-0.008977700550246163
dofa,0,remaining,4,3453,2340,486,334,44,241,8,1381,1333,0.3999420793512887,0.386041123660585,-0.013900955690703735
dofa,0,remaining,mean,3453,2340,486,334,44,241,8,1381,1349.6,0.3999420793512887,0.39084853750362003,-0.00909354184766872
dofa,0,full,0,3660,2486,492,372,51,251,8,1471,1443,0.4019125683060109,0.3942622950819672,-0.007650273224043716
dofa,0,full,1,3660,2486,492,372,51,251,8,1471,1440,0.4019125683060109,0.39344262295081966,-0.008469945355191256
dofa,0,full,2,3660,2486,492,372,51,251,8,1471,1435,0.4019125683060109,0.39207650273224043,-0.009836065573770493
dofa,0,full,3,3660,2486,492,372,51,251,8,1471,1437,0.4019125683060109,0.39262295081967213,-0.009289617486338797
dofa,0,full,4,3660,2486,492,372,51,251,8,1471,1418,0.4019125683060109,0.387431693989071,-0.01448087431693989
dofa,0,full,mean,3660,2486,492,372,51,251,8,1471,1434.6,0.4019125683060109,0.3919672131147541,-0.009945355191256855
croma,0,exposed,0,207,146,6,38,7,10,0,59,57,0.28502415458937197,0.2753623188405797,-0.00966183574879227
croma,0,exposed,1,207,146,6,38,7,10,0,59,59,0.28502415458937197,0.28502415458937197,0.0
croma,0,exposed,2,207,146,6,38,7,10,0,59,58,0.28502415458937197,0.28019323671497587,-0.004830917874396135
croma,0,exposed,3,207,146,6,38,7,10,0,59,59,0.28502415458937197,0.28502415458937197,0.0
croma,0,exposed,4,207,146,6,38,7,10,0,59,57,0.28502415458937197,0.2753623188405797,-0.00966183574879227
croma,0,exposed,mean,207,146,6,38,7,10,0,59,58.0,0.28502415458937197,0.28019323671497587,-0.004830917874396135
croma,0,remaining,0,3453,2340,486,334,44,241,8,1094,1087,0.3168259484506227,0.31479872574572837,-0.002027222704894295
croma,0,remaining,1,3453,2340,486,334,44,241,8,1094,1090,0.3168259484506227,0.3156675354763973,-0.0011584129742253113
croma,0,remaining,2,3453,2340,486,334,44,241,8,1094,1098,0.3168259484506227,0.317984361424848,0.0011584129742253113
croma,0,remaining,3,3453,2340,486,334,44,241,8,1094,1077,0.3168259484506227,0.31190269331016507,-0.004923255140457573
croma,0,remaining,4,3453,2340,486,334,44,241,8,1094,1085,0.3168259484506227,0.3142195192586157,-0.0026064291920069507
croma,0,remaining,mean,3453,2340,486,334,44,241,8,1094,1087.4,0.3168259484506227,0.3149145670431509,-0.0019113814074717373
croma,0,full,0,3660,2486,492,372,51,251,8,1153,1144,0.3150273224043716,0.31256830601092894,-0.002459016393442623
croma,0,full,1,3660,2486,492,372,51,251,8,1153,1149,0.3150273224043716,0.3139344262295082,-0.001092896174863388
croma,0,full,2,3660,2486,492,372,51,251,8,1153,1156,0.3150273224043716,0.3158469945355191,0.000819672131147541
croma,0,full,3,3660,2486,492,372,51,251,8,1153,1136,0.3150273224043716,0.3103825136612022,-0.004644808743169399
croma,0,full,4,3660,2486,492,372,51,251,8,1153,1142,0.3150273224043716,0.3120218579234973,-0.003005464480874317
croma,0,full,mean,3660,2486,492,372,51,251,8,1153,1145.4,0.3150273224043716,0.3129508196721312,-0.0020765027322404124
random_init,0,exposed,0,207,146,6,38,7,10,0,116,121,0.5603864734299517,0.5845410628019324,0.024154589371980676
random_init,0,exposed,1,207,146,6,38,7,10,0,116,116,0.5603864734299517,0.5603864734299517,0.0
random_init,0,exposed,2,207,146,6,38,7,10,0,116,118,0.5603864734299517,0.5700483091787439,0.00966183574879227
random_init,0,exposed,3,207,146,6,38,7,10,0,116,118,0.5603864734299517,0.5700483091787439,0.00966183574879227
random_init,0,exposed,4,207,146,6,38,7,10,0,116,117,0.5603864734299517,0.5652173913043478,0.004830917874396135
random_init,0,exposed,mean,207,146,6,38,7,10,0,116,118.0,0.5603864734299517,0.5700483091787439,0.00966183574879227
random_init,0,remaining,0,3453,2340,486,334,44,241,8,1867,1830,0.5406892557196641,0.5299739357080799,-0.01071532001158413
random_init,0,remaining,1,3453,2340,486,334,44,241,8,1867,1830,0.5406892557196641,0.5299739357080799,-0.01071532001158413
random_init,0,remaining,2,3453,2340,486,334,44,241,8,1867,1815,0.5406892557196641,0.525629887054735,-0.015059368664929048
random_init,0,remaining,3,3453,2340,486,334,44,241,8,1867,1825,0.5406892557196641,0.5285259194902983,-0.01216333622936577
random_init,0,remaining,4,3453,2340,486,334,44,241,8,1867,1824,0.5406892557196641,0.5282363162467419,-0.012452939472922097
random_init,0,remaining,mean,3453,2340,486,334,44,241,8,1867,1824.8,0.5406892557196641,0.528467998841587,-0.012221256878077048
random_init,0,full,0,3660,2486,492,372,51,251,8,1983,1951,0.5418032786885246,0.5330601092896174,-0.008743169398907104
random_init,0,full,1,3660,2486,492,372,51,251,8,1983,1946,0.5418032786885246,0.5316939890710383,-0.010109289617486339
random_init,0,full,2,3660,2486,492,372,51,251,8,1983,1933,0.5418032786885246,0.5281420765027323,-0.01366120218579235
random_init,0,full,3,3660,2486,492,372,51,251,8,1983,1943,0.5418032786885246,0.5308743169398907,-0.01092896174863388
random_init,0,full,4,3660,2486,492,372,51,251,8,1983,1941,0.5418032786885246,0.530327868852459,-0.011475409836065573
random_init,0,full,mean,3660,2486,492,372,51,251,8,1983,1942.8,0.5418032786885246,0.5308196721311476,-0.010983606557377061
dinov2,1,exposed,0,155,79,14,35,18,9,0,70,70,0.45161290322580644,0.45161290322580644,0.0
dinov2,1,exposed,1,155,79,14,35,18,9,0,70,68,0.45161290322580644,0.43870967741935485,-0.012903225806451613
dinov2,1,exposed,2,155,79,14,35,18,9,0,70,66,0.45161290322580644,0.4258064516129032,-0.025806451612903226
dinov2,1,exposed,3,155,79,14,35,18,9,0,70,65,0.45161290322580644,0.41935483870967744,-0.03225806451612903
dinov2,1,exposed,4,155,79,14,35,18,9,0,70,66,0.45161290322580644,0.4258064516129032,-0.025806451612903226
dinov2,1,exposed,mean,155,79,14,35,18,9,0,70,67.0,0.45161290322580644,0.432258064516129,-0.01935483870967742
dinov2,1,remaining,0,4342,2763,1051,345,91,91,1,1377,1369,0.3171349608475357,0.3152924919391985,-0.0018424689083371719
dinov2,1,remaining,1,4342,2763,1051,345,91,91,1,1377,1390,0.3171349608475357,0.3201289728235836,0.0029940119760479044
dinov2,1,remaining,2,4342,2763,1051,345,91,91,1,1377,1345,0.3171349608475357,0.309765085214187,-0.007369875633348687
dinov2,1,remaining,3,4342,2763,1051,345,91,91,1,1377,1377,0.3171349608475357,0.3171349608475357,0.0
dinov2,1,remaining,4,4342,2763,1051,345,91,91,1,1377,1377,0.3171349608475357,0.3171349608475357,0.0
dinov2,1,remaining,mean,4342,2763,1051,345,91,91,1,1377,1371.6,0.3171349608475357,0.3158912943344081,-0.0012436665131276118
dinov2,1,full,0,4497,2842,1065,380,109,100,1,1447,1439,0.32177006893484544,0.3199911051812319,-0.00177896375361352
dinov2,1,full,1,4497,2842,1065,380,109,100,1,1447,1458,0.32177006893484544,0.32421614409606403,0.0024460751612185904
dinov2,1,full,2,4497,2842,1065,380,109,100,1,1447,1411,0.32177006893484544,0.3137647320435846,-0.008005336891260841
dinov2,1,full,3,4497,2842,1065,380,109,100,1,1447,1442,0.32177006893484544,0.320658216588837,-0.0011118523460084502
dinov2,1,full,4,4497,2842,1065,380,109,100,1,1447,1443,0.32177006893484544,0.3208805870580387,-0.00088948187680676
dinov2,1,full,mean,4497,2842,1065,380,109,100,1,1447,1438.6,0.32177006893484544,0.31990215699355123,-0.0018679119412942163
dofa,1,exposed,0,155,79,14,35,18,9,0,74,72,0.4774193548387097,0.4645161290322581,-0.012903225806451613
dofa,1,exposed,1,155,79,14,35,18,9,0,74,70,0.4774193548387097,0.45161290322580644,-0.025806451612903226
dofa,1,exposed,2,155,79,14,35,18,9,0,74,69,0.4774193548387097,0.44516129032258067,-0.03225806451612903
dofa,1,exposed,3,155,79,14,35,18,9,0,74,70,0.4774193548387097,0.45161290322580644,-0.025806451612903226
dofa,1,exposed,4,155,79,14,35,18,9,0,74,65,0.4774193548387097,0.41935483870967744,-0.05806451612903226
dofa,1,exposed,mean,155,79,14,35,18,9,0,74,69.2,0.4774193548387097,0.4464516129032258,-0.030967741935483854
dofa,1,remaining,0,4342,2763,1051,345,91,91,1,1388,1367,0.3196683555964993,0.3148318747121142,-0.004836480884385076
dofa,1,remaining,1,4342,2763,1051,345,91,91,1,1388,1362,0.3196683555964993,0.3136803316444035,-0.005988023952095809
dofa,1,remaining,2,4342,2763,1051,345,91,91,1,1388,1384,0.3196683555964993,0.3187471211423307,-0.0009212344541685859
dofa,1,remaining,3,4342,2763,1051,345,91,91,1,1388,1369,0.3196683555964993,0.3152924919391985,-0.004375863657300783
dofa,1,remaining,4,4342,2763,1051,345,91,91,1,1388,1351,0.3196683555964993,0.3111469368954399,-0.00852141870105942
dofa,1,remaining,mean,4342,2763,1051,345,91,91,1,1388,1366.6,0.3196683555964993,0.31473975126669734,-0.004928604329801955
dofa,1,full,0,4497,2842,1065,380,109,100,1,1462,1439,0.3251056259728708,0.3199911051812319,-0.005114520791638871
dofa,1,full,1,4497,2842,1065,380,109,100,1,1462,1432,0.3251056259728708,0.3184345118968201,-0.0066711140760507
dofa,1,full,2,4497,2842,1065,380,109,100,1,1462,1453,0.3251056259728708,0.3231042917500556,-0.0020013342228152103
dofa,1,full,3,4497,2842,1065,380,109,100,1,1462,1439,0.3251056259728708,0.3199911051812319,-0.005114520791638871
dofa,1,full,4,4497,2842,1065,380,109,100,1,1462,1416,0.3251056259728708,0.31487658438959304,-0.010229041583277742
dofa,1,full,mean,4497,2842,1065,380,109,100,1,1462,1435.8,0.3251056259728708,0.3192795196797865,-0.005826106293084289
croma,1,exposed,0,155,79,14,35,18,9,0,59,56,0.38064516129032255,0.36129032258064514,-0.01935483870967742
croma,1,exposed,1,155,79,14,35,18,9,0,59,54,0.38064516129032255,0.34838709677419355,-0.03225806451612903
croma,1,exposed,2,155,79,14,35,18,9,0,59,55,0.38064516129032255,0.3548387096774194,-0.025806451612903226
croma,1,exposed,3,155,79,14,35,18,9,0,59,55,0.38064516129032255,0.3548387096774194,-0.025806451612903226
croma,1,exposed,4,155,79,14,35,18,9,0,59,56,0.38064516129032255,0.36129032258064514,-0.01935483870967742
croma,1,exposed,mean,155,79,14,35,18,9,0,59,55.2,0.38064516129032255,0.3561290322580645,-0.024516129032258045
croma,1,remaining,0,4342,2763,1051,345,91,91,1,1336,1301,0.3076923076923077,0.29963150621833257,-0.008060801473975126
croma,1,remaining,1,4342,2763,1051,345,91,91,1,1336,1312,0.3076923076923077,0.3021649009672962,-0.0055274067250115156
croma,1,remaining,2,4342,2763,1051,345,91,91,1,1336,1323,0.3076923076923077,0.3046982957162598,-0.0029940119760479044
croma,1,remaining,3,4342,2763,1051,345,91,91,1,1336,1297,0.3076923076923077,0.298710271764164,-0.008982035928143712
croma,1,remaining,4,4342,2763,1051,345,91,91,1,1336,1292,0.3076923076923077,0.2975587286964532,-0.010133578995854445
croma,1,remaining,mean,4342,2763,1051,345,91,91,1,1336,1305.0,0.3076923076923077,0.30055274067250115,-0.00713956701980654
croma,1,full,0,4497,2842,1065,380,109,100,1,1395,1357,0.31020680453635757,0.30175672670669335,-0.008450077829664221
croma,1,full,1,4497,2842,1065,380,109,100,1,1395,1366,0.31020680453635757,0.3037580609295086,-0.00644874360684901
croma,1,full,2,4497,2842,1065,380,109,100,1,1395,1378,0.31020680453635757,0.30642650655992887,-0.00378029797642873
croma,1,full,3,4497,2842,1065,380,109,100,1,1395,1352,0.31020680453635757,0.3006448743606849,-0.00956193017567267
croma,1,full,4,4497,2842,1065,380,109,100,1,1395,1348,0.31020680453635757,0.2997553924838781,-0.01045141205247943
croma,1,full,mean,4497,2842,1065,380,109,100,1,1395,1360.2,0.31020680453635757,0.30246831220813875,-0.007738492328218802
random_init,1,exposed,0,155,79,14,35,18,9,0,92,89,0.5935483870967742,0.5741935483870968,-0.01935483870967742
random_init,1,exposed,1,155,79,14,35,18,9,0,92,94,0.5935483870967742,0.6064516129032258,0.012903225806451613
random_init,1,exposed,2,155,79,14,35,18,9,0,92,93,0.5935483870967742,0.6,0.0064516129032258064
random_init,1,exposed,3,155,79,14,35,18,9,0,92,94,0.5935483870967742,0.6064516129032258,0.012903225806451613
random_init,1,exposed,4,155,79,14,35,18,9,0,92,92,0.5935483870967742,0.5935483870967742,0.0
random_init,1,exposed,mean,155,79,14,35,18,9,0,92,92.4,0.5935483870967742,0.5961290322580646,0.0025806451612903594
random_init,1,remaining,0,4342,2763,1051,345,91,91,1,2027,2075,0.4668355596499309,0.4778903730999539,0.011054813450023031
random_init,1,remaining,1,4342,2763,1051,345,91,91,1,2027,2077,0.4668355596499309,0.4783509903270382,0.011515430677107323
random_init,1,remaining,2,4342,2763,1051,345,91,91,1,2027,2071,0.4668355596499309,0.47696913864578533,0.010133578995854445
random_init,1,remaining,3,4342,2763,1051,345,91,91,1,2027,2074,0.4668355596499309,0.4776600644864118,0.010824504836480885
random_init,1,remaining,4,4342,2763,1051,345,91,91,1,2027,2070,0.4668355596499309,0.4767388300322432,0.009903270382312299
random_init,1,remaining,mean,4342,2763,1051,345,91,91,1,2027,2073.4,0.4668355596499309,0.47752187931828655,0.010686319668355617
random_init,1,full,0,4497,2842,1065,380,109,100,1,2119,2164,0.4712030242383811,0.48120969535245717,0.01000667111407605
random_init,1,full,1,4497,2842,1065,380,109,100,1,2119,2171,0.4712030242383811,0.48276628863686905,0.01156326439848788
random_init,1,full,2,4497,2842,1065,380,109,100,1,2119,2164,0.4712030242383811,0.48120969535245717,0.01000667111407605
random_init,1,full,3,4497,2842,1065,380,109,100,1,2119,2168,0.4712030242383811,0.48209917722926393,0.01089615299088281
random_init,1,full,4,4497,2842,1065,380,109,100,1,2119,2162,0.4712030242383811,0.4807649544140538,0.00956193017567267
random_init,1,full,mean,4497,2842,1065,380,109,100,1,2119,2165.8,0.4712030242383811,0.4816099621970203,0.010406937958639133
dinov2,2,exposed,0,301,227,34,21,19,0,0,105,98,0.3488372093023256,0.32558139534883723,-0.023255813953488372
dinov2,2,exposed,1,301,227,34,21,19,0,0,105,103,0.3488372093023256,0.34219269102990035,-0.006644518272425249
dinov2,2,exposed,2,301,227,34,21,19,0,0,105,100,0.3488372093023256,0.33222591362126247,-0.016611295681063124
dinov2,2,exposed,3,301,227,34,21,19,0,0,105,102,0.3488372093023256,0.3388704318936877,-0.009966777408637873
dinov2,2,exposed,4,301,227,34,21,19,0,0,105,102,0.3488372093023256,0.3388704318936877,-0.009966777408637873
dinov2,2,exposed,mean,301,227,34,21,19,0,0,105,101.0,0.3488372093023256,0.33554817275747506,-0.013289036544850499
dinov2,2,remaining,0,5420,3729,1130,382,156,9,14,1618,1629,0.2985239852398524,0.30055350553505533,0.002029520295202952
dinov2,2,remaining,1,5420,3729,1130,382,156,9,14,1618,1626,0.2985239852398524,0.3,0.0014760147601476014
dinov2,2,remaining,2,5420,3729,1130,382,156,9,14,1618,1625,0.2985239852398524,0.29981549815498154,0.0012915129151291514
dinov2,2,remaining,3,5420,3729,1130,382,156,9,14,1618,1635,0.2985239852398524,0.3016605166051661,0.003136531365313653
dinov2,2,remaining,4,5420,3729,1130,382,156,9,14,1618,1641,0.2985239852398524,0.30276752767527676,0.004243542435424354
dinov2,2,remaining,mean,5420,3729,1130,382,156,9,14,1618,1631.2,0.2985239852398524,0.30095940959409595,0.002435424354243551
dinov2,2,full,0,5721,3956,1164,403,175,9,14,1723,1727,0.301171123929383,0.30187030239468626,0.0006991784653032686
dinov2,2,full,1,5721,3956,1164,403,175,9,14,1723,1729,0.301171123929383,0.30221989162733787,0.001048767697954903
dinov2,2,full,2,5721,3956,1164,403,175,9,14,1723,1725,0.301171123929383,0.3015207131620346,0.0003495892326516343
dinov2,2,full,3,5721,3956,1164,403,175,9,14,1723,1737,0.301171123929383,0.3036182485579444,0.0024471246285614405
dinov2,2,full,4,5721,3956,1164,403,175,9,14,1723,1743,0.301171123929383,0.3046670162558993,0.0034958923265163435
dinov2,2,full,mean,5721,3956,1164,403,175,9,14,1723,1732.2,0.301171123929383,0.3027792343995805,0.001608110470197526
dofa,2,exposed,0,301,227,34,21,19,0,0,87,87,0.28903654485049834,0.28903654485049834,0.0
dofa,2,exposed,1,301,227,34,21,19,0,0,87,85,0.28903654485049834,0.2823920265780731,-0.006644518272425249
dofa,2,exposed,2,301,227,34,21,19,0,0,87,90,0.28903654485049834,0.29900332225913623,0.009966777408637873
dofa,2,exposed,3,301,227,34,21,19,0,0,87,92,0.28903654485049834,0.30564784053156147,0.016611295681063124
dofa,2,exposed,4,301,227,34,21,19,0,0,87,97,0.28903654485049834,0.3222591362126246,0.03322259136212625
dofa,2,exposed,mean,301,227,34,21,19,0,0,87,90.2,0.28903654485049834,0.29966777408637874,0.010631229235880408
dofa,2,remaining,0,5420,3729,1130,382,156,9,14,1746,1734,0.32214022140221404,0.3199261992619926,-0.002214022140221402
dofa,2,remaining,1,5420,3729,1130,382,156,9,14,1746,1744,0.32214022140221404,0.32177121771217715,-0.00036900369003690036
dofa,2,remaining,2,5420,3729,1130,382,156,9,14,1746,1746,0.32214022140221404,0.32214022140221404,0.0
dofa,2,remaining,3,5420,3729,1130,382,156,9,14,1746,1751,0.32214022140221404,0.3230627306273063,0.0009225092250922509
dofa,2,remaining,4,5420,3729,1130,382,156,9,14,1746,1752,0.32214022140221404,0.32324723247232473,0.001107011070110701
dofa,2,remaining,mean,5420,3729,1130,382,156,9,14,1746,1745.4,0.32214022140221404,0.322029520295203,-0.00011070110701105333
dofa,2,full,0,5721,3956,1164,403,175,9,14,1833,1821,0.32039853172522287,0.3183009963293131,-0.002097535395909806
dofa,2,full,1,5721,3956,1164,403,175,9,14,1833,1829,0.32039853172522287,0.3196993532599196,-0.0006991784653032686
dofa,2,full,2,5721,3956,1164,403,175,9,14,1833,1836,0.32039853172522287,0.32092291557420033,0.0005243838489774515
dofa,2,full,3,5721,3956,1164,403,175,9,14,1833,1843,0.32039853172522287,0.32214647788848105,0.0017479461632581717
dofa,2,full,4,5721,3956,1164,403,175,9,14,1833,1849,0.32039853172522287,0.3231952455864359,0.0027967138612130745
dofa,2,full,mean,5721,3956,1164,403,175,9,14,1833,1835.6,0.32039853172522287,0.32085299772766995,0.00045446600244710875
croma,2,exposed,0,301,227,34,21,19,0,0,104,88,0.34551495016611294,0.292358803986711,-0.053156146179401995
croma,2,exposed,1,301,227,34,21,19,0,0,104,91,0.34551495016611294,0.3023255813953488,-0.04318936877076412
croma,2,exposed,2,301,227,34,21,19,0,0,104,84,0.34551495016611294,0.27906976744186046,-0.0664451827242525
croma,2,exposed,3,301,227,34,21,19,0,0,104,94,0.34551495016611294,0.3122923588039867,-0.03322259136212625
croma,2,exposed,4,301,227,34,21,19,0,0,104,98,0.34551495016611294,0.32558139534883723,-0.019933554817275746
croma,2,exposed,mean,301,227,34,21,19,0,0,104,91.0,0.34551495016611294,0.3023255813953488,-0.04318936877076412
croma,2,remaining,0,5420,3729,1130,382,156,9,14,1651,1627,0.30461254612546124,0.30018450184501844,-0.004428044280442804
croma,2,remaining,1,5420,3729,1130,382,156,9,14,1651,1613,0.30461254612546124,0.29760147601476017,-0.007011070110701107
croma,2,remaining,2,5420,3729,1130,382,156,9,14,1651,1614,0.30461254612546124,0.2977859778597786,-0.006826568265682657
croma,2,remaining,3,5420,3729,1130,382,156,9,14,1651,1642,0.30461254612546124,0.3029520295202952,-0.0016605166051660517
croma,2,remaining,4,5420,3729,1130,382,156,9,14,1651,1639,0.30461254612546124,0.30239852398523986,-0.002214022140221402
croma,2,remaining,mean,5420,3729,1130,382,156,9,14,1651,1627.0,0.30461254612546124,0.30018450184501844,-0.004428044280442804
croma,2,full,0,5721,3956,1164,403,175,9,14,1755,1715,0.3067645516518091,0.2997727669987764,-0.006991784653032687
croma,2,full,1,5721,3956,1164,403,175,9,14,1755,1704,0.3067645516518091,0.29785002621919243,-0.008914525432616675
croma,2,full,2,5721,3956,1164,403,175,9,14,1755,1698,0.3067645516518091,0.29680125852123757,-0.009963293130571578
croma,2,full,3,5721,3956,1164,403,175,9,14,1755,1736,0.3067645516518091,0.3034434539416186,-0.003321097710190526
croma,2,full,4,5721,3956,1164,403,175,9,14,1755,1737,0.3067645516518091,0.3036182485579444,-0.003146303093864709
croma,2,full,mean,5721,3956,1164,403,175,9,14,1755,1718.0,0.3067645516518091,0.3002971508477539,-0.0064674008040552355
random_init,2,exposed,0,301,227,34,21,19,0,0,166,153,0.5514950166112956,0.5083056478405316,-0.04318936877076412
random_init,2,exposed,1,301,227,34,21,19,0,0,166,160,0.5514950166112956,0.53156146179402,-0.019933554817275746
random_init,2,exposed,2,301,227,34,21,19,0,0,166,158,0.5514950166112956,0.5249169435215947,-0.026578073089700997
random_init,2,exposed,3,301,227,34,21,19,0,0,166,165,0.5514950166112956,0.5481727574750831,-0.0033222591362126247
random_init,2,exposed,4,301,227,34,21,19,0,0,166,161,0.5514950166112956,0.5348837209302325,-0.016611295681063124
random_init,2,exposed,mean,301,227,34,21,19,0,0,166,159.4,0.5514950166112956,0.5295681063122923,-0.021926910299003302
random_init,2,remaining,0,5420,3729,1130,382,156,9,14,2814,2746,0.5191881918819188,0.5066420664206642,-0.012546125461254613
random_init,2,remaining,1,5420,3729,1130,382,156,9,14,2814,2749,0.5191881918819188,0.5071955719557195,-0.011992619926199263
random_init,2,remaining,2,5420,3729,1130,382,156,9,14,2814,2736,0.5191881918819188,0.5047970479704798,-0.014391143911439114
random_init,2,remaining,3,5420,3729,1130,382,156,9,14,2814,2787,0.5191881918819188,0.5142066420664206,-0.004981549815498155
random_init,2,remaining,4,5420,3729,1130,382,156,9,14,2814,2769,0.5191881918819188,0.5108856088560886,-0.008302583025830259
random_init,2,remaining,mean,5420,3729,1130,382,156,9,14,2814,2757.4,0.5191881918819188,0.5087453874538745,-0.010442804428044263
random_init,2,full,0,5721,3956,1164,403,175,9,14,2980,2899,0.5208879566509351,0.506729592728544,-0.01415836392239119
random_init,2,full,1,5721,3956,1164,403,175,9,14,2980,2909,0.5208879566509351,0.5084775388918021,-0.012410417759133019
random_init,2,full,2,5721,3956,1164,403,175,9,14,2980,2894,0.5208879566509351,0.5058556196469148,-0.015032337004020277
random_init,2,full,3,5721,3956,1164,403,175,9,14,2980,2952,0.5208879566509351,0.5159937073938122,-0.004894249257122881
random_init,2,full,4,5721,3956,1164,403,175,9,14,2980,2930,0.5208879566509351,0.5121482258346443,-0.008739730816290859
random_init,2,full,mean,5721,3956,1164,403,175,9,14,2980,2916.8,0.5208879566509351,0.5098409368991436,-0.011047019751791613
dinov2,3,exposed,0,319,237,44,17,14,5,2,88,97,0.27586206896551724,0.30407523510971785,0.02821316614420063
dinov2,3,exposed,1,319,237,44,17,14,5,2,88,91,0.27586206896551724,0.2852664576802508,0.009404388714733543
dinov2,3,exposed,2,319,237,44,17,14,5,2,88,93,0.27586206896551724,0.29153605015673983,0.01567398119122257
dinov2,3,exposed,3,319,237,44,17,14,5,2,88,93,0.27586206896551724,0.29153605015673983,0.01567398119122257
dinov2,3,exposed,4,319,237,44,17,14,5,2,88,93,0.27586206896551724,0.29153605015673983,0.01567398119122257
dinov2,3,exposed,mean,319,237,44,17,14,5,2,88,93.4,0.27586206896551724,0.29278996865203766,0.016927899686520392
dinov2,3,remaining,0,4429,2755,305,1125,88,97,59,1765,1722,0.3985098216301648,0.38880108376608713,-0.009708737864077669
dinov2,3,remaining,1,4429,2755,305,1125,88,97,59,1765,1743,0.3985098216301648,0.3935425603973809,-0.004967261232783924
dinov2,3,remaining,2,4429,2755,305,1125,88,97,59,1765,1723,0.3985098216301648,0.3890268683675773,-0.009482953262587492
dinov2,3,remaining,3,4429,2755,305,1125,88,97,59,1765,1756,0.3985098216301648,0.39647776021675324,-0.0020320614134116052
dinov2,3,remaining,4,4429,2755,305,1125,88,97,59,1765,1756,0.3985098216301648,0.39647776021675324,-0.0020320614134116052
dinov2,3,remaining,mean,4429,2755,305,1125,88,97,59,1765,1740.0,0.3985098216301648,0.39286520659291035,-0.0056446150372544595
dinov2,3,full,0,4748,2992,349,1142,102,102,61,1853,1819,0.39026958719460825,0.38310867733782644,-0.007160909856781803
dinov2,3,full,1,4748,2992,349,1142,102,102,61,1853,1834,0.39026958719460825,0.38626790227464197,-0.004001684919966301
dinov2,3,full,2,4748,2992,349,1142,102,102,61,1853,1816,0.39026958719460825,0.38247683235046337,-0.007792754844144903
dinov2,3,full,3,4748,2992,349,1142,102,102,61,1853,1849,0.39026958719460825,0.38942712721145745,-0.0008424599831508003
dinov2,3,full,4,4748,2992,349,1142,102,102,61,1853,1849,0.39026958719460825,0.38942712721145745,-0.0008424599831508003
dinov2,3,full,mean,4748,2992,349,1142,102,102,61,1853,1833.4,0.39026958719460825,0.3861415332771694,-0.004128053917438902
dofa,3,exposed,0,319,237,44,17,14,5,2,105,101,0.329153605015674,0.3166144200626959,-0.012539184952978056
dofa,3,exposed,1,319,237,44,17,14,5,2,105,103,0.329153605015674,0.322884012539185,-0.006269592476489028
dofa,3,exposed,2,319,237,44,17,14,5,2,105,97,0.329153605015674,0.30407523510971785,-0.025078369905956112
dofa,3,exposed,3,319,237,44,17,14,5,2,105,100,0.329153605015674,0.31347962382445144,-0.01567398119122257
dofa,3,exposed,4,319,237,44,17,14,5,2,105,100,0.329153605015674,0.31347962382445144,-0.01567398119122257
dofa,3,exposed,mean,319,237,44,17,14,5,2,105,100.2,0.329153605015674,0.3141065830721003,-0.01504702194357366
dofa,3,remaining,0,4429,2755,305,1125,88,97,59,1724,1691,0.3892526529690675,0.3818017611198916,-0.007450891849175886
dofa,3,remaining,1,4429,2755,305,1125,88,97,59,1724,1724,0.3892526529690675,0.3892526529690675,0.0
dofa,3,remaining,2,4429,2755,305,1125,88,97,59,1724,1713,0.3892526529690675,0.3867690223526756,-0.002483630616391962
dofa,3,remaining,3,4429,2755,305,1125,88,97,59,1724,1716,0.3892526529690675,0.38744637615714606,-0.001806276811921427
dofa,3,remaining,4,4429,2755,305,1125,88,97,59,1724,1684,0.3892526529690675,0.3802212689094604,-0.009031384059607135
dofa,3,remaining,mean,4429,2755,305,1125,88,97,59,1724,1705.6,0.3892526529690675,0.3850982163016482,-0.004154436667419302
dofa,3,full,0,4748,2992,349,1142,102,102,61,1829,1792,0.38521482729570344,0.37742207245155857,-0.007792754844144903
dofa,3,full,1,4748,2992,349,1142,102,102,61,1829,1827,0.38521482729570344,0.38479359730412804,-0.00042122999157540015
dofa,3,full,2,4748,2992,349,1142,102,102,61,1829,1810,0.38521482729570344,0.38121314237573717,-0.004001684919966301
dofa,3,full,3,4748,2992,349,1142,102,102,61,1829,1816,0.38521482729570344,0.38247683235046337,-0.002737994945240101
dofa,3,full,4,4748,2992,349,1142,102,102,61,1829,1784,0.38521482729570344,0.37573715248525696,-0.009477674810446503
dofa,3,full,mean,4748,2992,349,1142,102,102,61,1829,1805.8,0.38521482729570344,0.3803285593934288,-0.004886267902274651
croma,3,exposed,0,319,237,44,17,14,5,2,100,89,0.31347962382445144,0.27899686520376177,-0.034482758620689655
croma,3,exposed,1,319,237,44,17,14,5,2,100,92,0.31347962382445144,0.2884012539184953,-0.025078369905956112
croma,3,exposed,2,319,237,44,17,14,5,2,100,92,0.31347962382445144,0.2884012539184953,-0.025078369905956112
croma,3,exposed,3,319,237,44,17,14,5,2,100,96,0.31347962382445144,0.30094043887147337,-0.012539184952978056
croma,3,exposed,4,319,237,44,17,14,5,2,100,91,0.31347962382445144,0.2852664576802508,-0.02821316614420063
croma,3,exposed,mean,319,237,44,17,14,5,2,100,92.0,0.31347962382445144,0.2884012539184953,-0.025078369905956112
croma,3,remaining,0,4429,2755,305,1125,88,97,59,1680,1684,0.37931813050349966,0.3802212689094604,0.0009031384059607134
croma,3,remaining,1,4429,2755,305,1125,88,97,59,1680,1693,0.37931813050349966,0.38225333032287195,0.002935199819372319
croma,3,remaining,2,4429,2755,305,1125,88,97,59,1680,1661,0.37931813050349966,0.3750282230751863,-0.004289907428313389
croma,3,remaining,3,4429,2755,305,1125,88,97,59,1680,1678,0.37931813050349966,0.3788665613005193,-0.0004515692029803567
croma,3,remaining,4,4429,2755,305,1125,88,97,59,1680,1673,0.37931813050349966,0.3777376382930684,-0.0015804922104312486
croma,3,remaining,mean,4429,2755,305,1125,88,97,59,1680,1677.8,0.37931813050349966,0.37882140438022127,-0.0004967261232784026
croma,3,full,0,4748,2992,349,1142,102,102,61,1780,1773,0.37489469250210616,0.37342038753159223,-0.0014743049705139006
croma,3,full,1,4748,2992,349,1142,102,102,61,1780,1785,0.37489469250210616,0.37594776748104464,0.0010530749789385003
croma,3,full,2,4748,2992,349,1142,102,102,61,1780,1753,0.37489469250210616,0.36920808761583823,-0.0056866048862679024
croma,3,full,3,4748,2992,349,1142,102,102,61,1780,1774,0.37489469250210616,0.37363100252737996,-0.0012636899747262005
croma,3,full,4,4748,2992,349,1142,102,102,61,1780,1764,0.37489469250210616,0.37152485256950296,-0.003369839932603201
croma,3,full,mean,4748,2992,349,1142,102,102,61,1780,1769.8,0.37489469250210616,0.3727464195450716,-0.0021482729570345502
random_init,3,exposed,0,319,237,44,17,14,5,2,180,174,0.5642633228840125,0.5454545454545454,-0.018808777429467086
random_init,3,exposed,1,319,237,44,17,14,5,2,180,173,0.5642633228840125,0.542319749216301,-0.0219435736677116
random_init,3,exposed,2,319,237,44,17,14,5,2,180,182,0.5642633228840125,0.5705329153605015,0.006269592476489028
random_init,3,exposed,3,319,237,44,17,14,5,2,180,176,0.5642633228840125,0.5517241379310345,-0.012539184952978056
random_init,3,exposed,4,319,237,44,17,14,5,2,180,180,0.5642633228840125,0.5642633228840125,0.0
random_init,3,exposed,mean,319,237,44,17,14,5,2,180,177.0,0.5642633228840125,0.554858934169279,-0.009404388714733543
random_init,3,remaining,0,4429,2755,305,1125,88,97,59,2619,2588,0.5913298713027771,0.5843305486565816,-0.006999322646195529
random_init,3,remaining,1,4429,2755,305,1125,88,97,59,2619,2599,0.5913298713027771,0.5868141792729736,-0.004515692029803568
random_init,3,remaining,2,4429,2755,305,1125,88,97,59,2619,2592,0.5913298713027771,0.5852336870625423,-0.006096184240234816
random_init,3,remaining,3,4429,2755,305,1125,88,97,59,2619,2599,0.5913298713027771,0.5868141792729736,-0.004515692029803568
random_init,3,remaining,4,4429,2755,305,1125,88,97,59,2619,2593,0.5913298713027771,0.5854594716640326,-0.005870399638744638
random_init,3,remaining,mean,4429,2755,305,1125,88,97,59,2619,2594.2,0.5913298713027771,0.5857304131858206,-0.005599458116956464
random_init,3,full,0,4748,2992,349,1142,102,102,61,2799,2762,0.5895113732097725,0.5817186183656277,-0.007792754844144903
random_init,3,full,1,4748,2992,349,1142,102,102,61,2799,2772,0.5895113732097725,0.5838247683235046,-0.0056866048862679024
random_init,3,full,2,4748,2992,349,1142,102,102,61,2799,2774,0.5895113732097725,0.5842459983150801,-0.005265374894692502
random_init,3,full,3,4748,2992,349,1142,102,102,61,2799,2775,0.5895113732097725,0.5844566133108677,-0.005054759898904802
random_init,3,full,4,4748,2992,349,1142,102,102,61,2799,2773,0.5895113732097725,0.5840353833192923,-0.005475989890480202
random_init,3,full,mean,4748,2992,349,1142,102,102,61,2799,2771.2,0.5895113732097725,0.5836562763268744,-0.005855096882898101
dinov2,4,exposed,0,154,96,30,17,6,5,0,54,48,0.35064935064935066,0.3116883116883117,-0.03896103896103896
dinov2,4,exposed,1,154,96,30,17,6,5,0,54,47,0.35064935064935066,0.3051948051948052,-0.045454545454545456
dinov2,4,exposed,2,154,96,30,17,6,5,0,54,45,0.35064935064935066,0.2922077922077922,-0.05844155844155844
dinov2,4,exposed,3,154,96,30,17,6,5,0,54,45,0.35064935064935066,0.2922077922077922,-0.05844155844155844
dinov2,4,exposed,4,154,96,30,17,6,5,0,54,47,0.35064935064935066,0.3051948051948052,-0.045454545454545456
dinov2,4,exposed,mean,154,96,30,17,6,5,0,54,46.4,0.35064935064935066,0.3012987012987013,-0.04935064935064936
dinov2,4,remaining,0,4466,3034,858,443,55,28,48,1488,1500,0.33318405732198836,0.33587102552619796,0.0026869682042095834
dinov2,4,remaining,1,4466,3034,858,443,55,28,48,1488,1489,0.33318405732198836,0.33340797133900585,0.0002239140170174653
dinov2,4,remaining,2,4466,3034,858,443,55,28,48,1488,1466,0.33318405732198836,0.32825794894760413,-0.0049261083743842365
dinov2,4,remaining,3,4466,3034,858,443,55,28,48,1488,1494,0.33318405732198836,0.33452754142409313,0.0013434841021047917
dinov2,4,remaining,4,4466,3034,858,443,55,28,48,1488,1501,0.33318405732198836,0.3360949395432154,0.002910882221227049
dinov2,4,remaining,mean,4466,3034,858,443,55,28,48,1488,1490.0,0.33318405732198836,0.3336318853560233,0.0004478280340349306
dinov2,4,full,0,4620,3130,888,460,61,33,48,1542,1548,0.33376623376623377,0.33506493506493507,0.0012987012987012987
dinov2,4,full,1,4620,3130,888,460,61,33,48,1542,1536,0.33376623376623377,0.33246753246753247,-0.0012987012987012987
dinov2,4,full,2,4620,3130,888,460,61,33,48,1542,1511,0.33376623376623377,0.32705627705627704,-0.00670995670995671
dinov2,4,full,3,4620,3130,888,460,61,33,48,1542,1539,0.33376623376623377,0.33311688311688314,-0.0006493506493506494
dinov2,4,full,4,4620,3130,888,460,61,33,48,1542,1548,0.33376623376623377,0.33506493506493507,0.0012987012987012987
dinov2,4,full,mean,4620,3130,888,460,61,33,48,1542,1536.4,0.33376623376623377,0.33255411255411255,-0.0012121212121211924
dofa,4,exposed,0,154,96,30,17,6,5,0,61,55,0.3961038961038961,0.35714285714285715,-0.03896103896103896
dofa,4,exposed,1,154,96,30,17,6,5,0,61,52,0.3961038961038961,0.33766233766233766,-0.05844155844155844
dofa,4,exposed,2,154,96,30,17,6,5,0,61,56,0.3961038961038961,0.36363636363636365,-0.032467532467532464
dofa,4,exposed,3,154,96,30,17,6,5,0,61,52,0.3961038961038961,0.33766233766233766,-0.05844155844155844
dofa,4,exposed,4,154,96,30,17,6,5,0,61,52,0.3961038961038961,0.33766233766233766,-0.05844155844155844
dofa,4,exposed,mean,154,96,30,17,6,5,0,61,53.4,0.3961038961038961,0.34675324675324676,-0.04935064935064936
dofa,4,remaining,0,4466,3034,858,443,55,28,48,1547,1583,0.3463949843260188,0.35445588893864755,0.00806090461262875
dofa,4,remaining,1,4466,3034,858,443,55,28,48,1547,1567,0.3463949843260188,0.3508732646663681,0.0044782803403493054
dofa,4,remaining,2,4466,3034,858,443,55,28,48,1547,1599,0.3463949843260188,0.358038513210927,0.011643528884908196
dofa,4,remaining,3,4466,3034,858,443,55,28,48,1547,1584,0.3463949843260188,0.35467980295566504,0.008284818629646216
dofa,4,remaining,4,4466,3034,858,443,55,28,48,1547,1550,0.3463949843260188,0.3470667263770712,0.0006717420510523958
dofa,4,remaining,mean,4466,3034,858,443,55,28,48,1547,1576.6,0.3463949843260188,0.35302283922973576,0.006627854903716953
dofa,4,full,0,4620,3130,888,460,61,33,48,1608,1638,0.34805194805194806,0.35454545454545455,0.006493506493506494
dofa,4,full,1,4620,3130,888,460,61,33,48,1608,1619,0.34805194805194806,0.35043290043290043,0.002380952380952381
dofa,4,full,2,4620,3130,888,460,61,33,48,1608,1655,0.34805194805194806,0.3582251082251082,0.010173160173160173
dofa,4,full,3,4620,3130,888,460,61,33,48,1608,1636,0.34805194805194806,0.3541125541125541,0.006060606060606061
dofa,4,full,4,4620,3130,888,460,61,33,48,1608,1602,0.34805194805194806,0.34675324675324676,-0.0012987012987012987
dofa,4,full,mean,4620,3130,888,460,61,33,48,1608,1630.0,0.34805194805194806,0.3528138528138528,0.004761904761904762
croma,4,exposed,0,154,96,30,17,6,5,0,51,46,0.33116883116883117,0.2987012987012987,-0.032467532467532464
croma,4,exposed,1,154,96,30,17,6,5,0,51,43,0.33116883116883117,0.2792207792207792,-0.05194805194805195
croma,4,exposed,2,154,96,30,17,6,5,0,51,45,0.33116883116883117,0.2922077922077922,-0.03896103896103896
croma,4,exposed,3,154,96,30,17,6,5,0,51,45,0.33116883116883117,0.2922077922077922,-0.03896103896103896
croma,4,exposed,4,154,96,30,17,6,5,0,51,45,0.33116883116883117,0.2922077922077922,-0.03896103896103896
croma,4,exposed,mean,154,96,30,17,6,5,0,51,44.8,0.33116883116883117,0.2909090909090909,-0.04025974025974028
croma,4,remaining,0,4466,3034,858,443,55,28,48,1463,1479,0.3275862068965517,0.33116883116883117,0.0035826242722794446
croma,4,remaining,1,4466,3034,858,443,55,28,48,1463,1485,0.3275862068965517,0.33251231527093594,0.0049261083743842365
croma,4,remaining,2,4466,3034,858,443,55,28,48,1463,1484,0.3275862068965517,0.3322884012539185,0.004702194357366771
croma,4,remaining,3,4466,3034,858,443,55,28,48,1463,1478,0.3275862068965517,0.3309449171518137,0.0033587102552619795
croma,4,remaining,4,4466,3034,858,443,55,28,48,1463,1485,0.3275862068965517,0.33251231527093594,0.0049261083743842365
croma,4,remaining,mean,4466,3034,858,443,55,28,48,1463,1482.2,0.3275862068965517,0.33188535602328706,0.004299149126735344
croma,4,full,0,4620,3130,888,460,61,33,48,1514,1525,0.3277056277056277,0.3300865800865801,0.002380952380952381
croma,4,full,1,4620,3130,888,460,61,33,48,1514,1528,0.3277056277056277,0.3307359307359307,0.0030303030303030303
croma,4,full,2,4620,3130,888,460,61,33,48,1514,1529,0.3277056277056277,0.33095238095238094,0.003246753246753247
croma,4,full,3,4620,3130,888,460,61,33,48,1514,1523,0.3277056277056277,0.32965367965367964,0.001948051948051948
croma,4,full,4,4620,3130,888,460,61,33,48,1514,1530,0.3277056277056277,0.33116883116883117,0.003463203463203463
croma,4,full,mean,4620,3130,888,460,61,33,48,1514,1527.0,0.3277056277056277,0.33051948051948055,0.002813852813852814
random_init,4,exposed,0,154,96,30,17,6,5,0,83,82,0.538961038961039,0.5324675324675324,-0.006493506493506494
random_init,4,exposed,1,154,96,30,17,6,5,0,83,84,0.538961038961039,0.5454545454545454,0.006493506493506494
random_init,4,exposed,2,154,96,30,17,6,5,0,83,86,0.538961038961039,0.5584415584415584,0.01948051948051948
random_init,4,exposed,3,154,96,30,17,6,5,0,83,84,0.538961038961039,0.5454545454545454,0.006493506493506494
random_init,4,exposed,4,154,96,30,17,6,5,0,83,87,0.538961038961039,0.564935064935065,0.025974025974025976
random_init,4,exposed,mean,154,96,30,17,6,5,0,83,84.6,0.538961038961039,0.5493506493506494,0.010389610389610353
random_init,4,remaining,0,4466,3034,858,443,55,28,48,2571,2611,0.5756829377519033,0.5846394984326019,0.008956560680698611
random_init,4,remaining,1,4466,3034,858,443,55,28,48,2571,2593,0.5756829377519033,0.5806090461262875,0.0049261083743842365
random_init,4,remaining,2,4466,3034,858,443,55,28,48,2571,2572,0.5756829377519033,0.5759068517689208,0.0002239140170174653
random_init,4,remaining,3,4466,3034,858,443,55,28,48,2571,2599,0.5756829377519033,0.5819525302283923,0.006269592476489028
random_init,4,remaining,4,4466,3034,858,443,55,28,48,2571,2579,0.5756829377519033,0.577474249888043,0.0017913121361397223
random_init,4,remaining,mean,4466,3034,858,443,55,28,48,2571,2590.8,0.5756829377519033,0.5801164352888492,0.004433497536945854
random_init,4,full,0,4620,3130,888,460,61,33,48,2654,2693,0.5744588744588744,0.5829004329004329,0.008441558441558441
random_init,4,full,1,4620,3130,888,460,61,33,48,2654,2677,0.5744588744588744,0.5794372294372294,0.004978354978354979
random_init,4,full,2,4620,3130,888,460,61,33,48,2654,2658,0.5744588744588744,0.5753246753246753,0.0008658008658008658
random_init,4,full,3,4620,3130,888,460,61,33,48,2654,2683,0.5744588744588744,0.5807359307359308,0.006277056277056277
random_init,4,full,4,4620,3130,888,460,61,33,48,2654,2666,0.5744588744588744,0.577056277056277,0.0025974025974025974
random_init,4,full,mean,4620,3130,888,460,61,33,48,2654,2675.4,0.5744588744588744,0.5790909090909091,0.004632034632034651
