fold,part_id,test_tile_count,test_tiles,fraction
0,18,7,8,0.875
0,19,1,8,0.125
1,17,1,1,1.0
2,14,8,14,0.5714285714285714
2,26,1,14,0.07142857142857142
2,34,1,14,0.07142857142857142
2,43,2,14,0.14285714285714285
2,47,2,14,0.14285714285714285
3,24,1,61,0.01639344262295082
3,52,2,61,0.03278688524590164
3,58,52,61,0.8524590163934426
3,60,6,61,0.09836065573770492
4,25,4,48,0.08333333333333333
4,51,2,48,0.041666666666666664
4,53,30,48,0.625
4,54,4,48,0.08333333333333333
4,61,8,48,0.16666666666666666
