model,reference_class,predicted_class,count,reference_support
dinov2,plains,plains,10628,15406
dinov2,plains,dunes,1763,15406
dinov2,plains,hummocky,2223,15406
dinov2,plains,labyrinths,394,15406
dinov2,plains,lakes,304,15406
dinov2,plains,craters,94,15406
dinov2,dunes,plains,826,3958
dinov2,dunes,dunes,2777,3958
dinov2,dunes,hummocky,193,3958
dinov2,dunes,labyrinths,34,3958
dinov2,dunes,lakes,112,3958
dinov2,dunes,craters,16,3958
dinov2,hummocky,plains,672,2757
dinov2,hummocky,dunes,156,2757
dinov2,hummocky,hummocky,1733,2757
dinov2,hummocky,labyrinths,98,2757
dinov2,hummocky,lakes,47,2757
dinov2,hummocky,craters,51,2757
dinov2,labyrinths,plains,183,498
dinov2,labyrinths,dunes,62,498
dinov2,labyrinths,hummocky,70,498
dinov2,labyrinths,labyrinths,173,498
dinov2,labyrinths,lakes,7,498
dinov2,labyrinths,craters,3,498
dinov2,lakes,plains,116,495
dinov2,lakes,dunes,204,495
dinov2,lakes,hummocky,82,495
dinov2,lakes,labyrinths,18,495
dinov2,lakes,lakes,72,495
dinov2,lakes,craters,3,495
dinov2,craters,plains,26,132
dinov2,craters,dunes,10,132
dinov2,craters,hummocky,87,132
dinov2,craters,labyrinths,2,132
dinov2,craters,lakes,5,132
dinov2,craters,craters,2,132
dofa,plains,plains,10172,15406
dofa,plains,dunes,1949,15406
dofa,plains,hummocky,1957,15406
dofa,plains,labyrinths,825,15406
dofa,plains,lakes,363,15406
dofa,plains,craters,140,15406
dofa,dunes,plains,831,3958
dofa,dunes,dunes,2703,3958
dofa,dunes,hummocky,141,3958
dofa,dunes,labyrinths,110,3958
dofa,dunes,lakes,155,3958
dofa,dunes,craters,18,3958
dofa,hummocky,plains,502,2757
dofa,hummocky,dunes,104,2757
dofa,hummocky,hummocky,1914,2757
dofa,hummocky,labyrinths,84,2757
dofa,hummocky,lakes,50,2757
dofa,hummocky,craters,103,2757
dofa,labyrinths,plains,193,498
dofa,labyrinths,dunes,65,498
dofa,labyrinths,hummocky,63,498
dofa,labyrinths,labyrinths,157,498
dofa,labyrinths,lakes,10,498
dofa,labyrinths,craters,10,498
dofa,lakes,plains,110,495
dofa,lakes,dunes,152,495
dofa,lakes,hummocky,69,495
dofa,lakes,labyrinths,65,495
dofa,lakes,lakes,92,495
dofa,lakes,craters,7,495
dofa,craters,plains,23,132
dofa,craters,dunes,1,132
dofa,craters,hummocky,96,132
dofa,craters,labyrinths,5,132
dofa,craters,lakes,2,132
dofa,craters,craters,5,132
croma,plains,plains,10689,15406
croma,plains,dunes,1687,15406
croma,plains,hummocky,1771,15406
croma,plains,labyrinths,656,15406
croma,plains,lakes,364,15406
croma,plains,craters,239,15406
croma,dunes,plains,875,3958
croma,dunes,dunes,2660,3958
croma,dunes,hummocky,141,3958
croma,dunes,labyrinths,110,3958
croma,dunes,lakes,117,3958
croma,dunes,craters,55,3958
croma,hummocky,plains,425,2757
croma,hummocky,dunes,87,2757
croma,hummocky,hummocky,1965,2757
croma,hummocky,labyrinths,76,2757
croma,hummocky,lakes,42,2757
croma,hummocky,craters,162,2757
croma,labyrinths,plains,143,498
croma,labyrinths,dunes,57,498
croma,labyrinths,hummocky,70,498
croma,labyrinths,labyrinths,203,498
croma,labyrinths,lakes,14,498
croma,labyrinths,craters,11,498
croma,lakes,plains,98,495
croma,lakes,dunes,157,495
croma,lakes,hummocky,76,495
croma,lakes,labyrinths,29,495
croma,lakes,lakes,125,495
croma,lakes,craters,10,495
croma,craters,plains,21,132
croma,craters,dunes,0,132
croma,craters,hummocky,99,132
croma,craters,labyrinths,1,132
croma,craters,lakes,4,132
croma,craters,craters,7,132
random_init,plains,plains,6810,15406
random_init,plains,dunes,2258,15406
random_init,plains,hummocky,2430,15406
random_init,plains,labyrinths,2518,15406
random_init,plains,lakes,503,15406
random_init,plains,craters,887,15406
random_init,dunes,plains,1072,3958
random_init,dunes,dunes,1985,3958
random_init,dunes,hummocky,243,3958
random_init,dunes,labyrinths,497,3958
random_init,dunes,lakes,129,3958
random_init,dunes,craters,32,3958
random_init,hummocky,plains,307,2757
random_init,hummocky,dunes,79,2757
random_init,hummocky,hummocky,1596,2757
random_init,hummocky,labyrinths,133,2757
random_init,hummocky,lakes,71,2757
random_init,hummocky,craters,571,2757
random_init,labyrinths,plains,140,498
random_init,labyrinths,dunes,114,498
random_init,labyrinths,hummocky,81,498
random_init,labyrinths,labyrinths,139,498
random_init,labyrinths,lakes,12,498
random_init,labyrinths,craters,12,498
random_init,lakes,plains,83,495
random_init,lakes,dunes,135,495
random_init,lakes,hummocky,91,495
random_init,lakes,labyrinths,12,495
random_init,lakes,lakes,159,495
random_init,lakes,craters,15,495
random_init,craters,plains,4,132
random_init,craters,dunes,0,132
random_init,craters,hummocky,94,132
random_init,craters,labyrinths,8,132
random_init,craters,lakes,4,132
random_init,craters,craters,22,132
