ft_f1_mean,ft_f1_sample_std,ft_precision_mean,ft_precision_sample_std,ft_recall_mean,ft_recall_sample_std,lr_f1_mean,lr_f1_sample_std,lr_precision_mean,lr_precision_sample_std,lr_recall_mean,lr_recall_sample_std,model,support_fold_0,support_fold_1,support_fold_2,support_fold_3,support_fold_4,terrain_class,test_support
76.24295964416032,4.320652270349129,88.04912932475102,2.6885825084057027,68.02667536766901,7.475509187703095,76.10295401475004,3.6489078638164694,85.22372968988462,1.3588777828212835,68.92077373992322,5.702738474786714,DINOv2,2486,2842,3956,2992,3130,Plains,15406
65.75829618131868,7.47112298112121,61.799763437482035,7.5965548187304375,71.5150144187817,9.700868327881834,59.42814495074262,9.365621157422206,53.232644673765165,11.118106397736447,68.03661927686457,8.210652823876691,DINOv2,492,1065,1164,349,888,Dunes,3958
49.335590175344976,7.548900325595338,46.20736339537248,3.8688316410967745,57.96175170701711,18.86720763088349,44.43264117866102,8.215615083064533,37.36431801711581,5.337419003167274,57.64988353498317,17.62850059358829,DINOv2,372,380,403,1142,460,Hummocky,2757
38.22566935155763,7.484612339171287,30.10349076273234,10.641027615922324,63.808451522585266,12.985729274071737,27.852169643596696,5.323041725406498,25.238592433360125,9.922894547575217,38.87604420622212,18.401674213015394,DINOv2,51,109,175,102,61,Labyrinths,498
14.097211074151378,11.58040143392958,12.78238020880466,9.877751098590204,32.83676682456152,23.532434036644766,11.092705668315425,12.325356038471,10.505478198777167,8.818359889114188,20.87203556540327,20.688626196568887,DINOv2,251,100,9,102,33,Lakes,495
3.271268872739915,3.1276875498145356,4.641569970109613,6.4333840916279845,19.540007806401245,23.635126307059494,1.9415204678362572,2.6742479695022787,1.3738738738738738,1.9511577270777969,3.9285714285714284,5.703114079525468,DINOv2,8,1,14,61,48,Craters,132
49.67017858635862,8.274117173011348,68.03678713749368,4.561669705345013,42.44762300868178,9.903656593465266,74.41711624121768,3.329839674021563,85.97172629272329,0.5535608304252864,65.75189432091572,5.0945987587085675,DOFA,2486,2842,3956,2992,3130,Plains,15406
32.49175614742107,10.955740153651364,24.073827279933575,10.249201266342096,61.79019120947116,4.483280195407521,57.897524155712745,8.498890840894333,52.993381542925675,10.958950577612283,65.96781502181541,12.283371422987537,DOFA,492,1065,1164,349,888,Dunes,3958
0.4200477326968974,0.9392552841049235,1.8723404255319147,4.186680468510244,0.23655913978494628,0.5289623172580149,49.70822228350627,8.771870552574143,44.34278194181915,6.068750920474347,61.82055341012889,22.252395136052986,DOFA,372,380,403,1142,460,Hummocky,2757
4.837007562083919,2.9142348952811696,9.382890869218837,3.2998570353258696,10.7823354747223,12.260343402232278,18.125333504495288,8.214850333135502,13.834295330903224,8.264261219145272,33.098660694538005,14.884382901770069,DOFA,51,109,175,102,61,Labyrinths,498
6.661730221580277,5.67558580709124,11.379102608336709,17.465262354309303,27.292629411054538,23.41801578700318,13.728681656163804,14.332665976133253,12.966838923011679,12.012157470868768,27.976767913491607,23.723212626399185,DOFA,251,100,9,102,33,Lakes,495
0.0,0.0,0.0,0.0,0.0,0.0,1.605885222271549,1.6598076487004023,1.3279579675203568,1.3866613425899443,4.077868852459017,5.358518398798374,DOFA,8,1,14,61,48,Craters,132
74.7808178618821,2.8528948008661077,87.71447666146295,1.5378772471214073,65.62726891309158,4.719624154660548,77.22108887530077,3.55337563693325,87.21077545894835,1.599150559259504,69.49463557681896,5.794835168930879,CROMA,2486,2842,3956,2992,3130,Plains,15406
57.35625018987793,9.160061575829316,55.278569033059036,12.922793709146891,61.92179660275614,9.976538412108912,59.48660537624886,8.07145872914838,56.14472209713649,8.319016823683864,64.67412554568483,12.849479810811099,CROMA,492,1065,1164,349,888,Dunes,3958
53.81688413481813,7.531577608982549,48.69341101352268,5.707388172539829,65.12857117991476,20.266026205443318,54.139898815154666,5.664263743815445,48.63362463242414,5.546927484541666,65.67744672506818,19.00363672197028,CROMA,372,380,403,1142,460,Hummocky,2757
25.856868448617593,5.137352574962748,18.79865513145747,5.89792329559911,54.09372204408911,12.975335439041519,25.164435496709224,4.784701371335366,19.206001012804414,6.343624704232896,44.940013556934275,17.30356365615805,CROMA,51,109,175,102,61,Labyrinths,498
21.267109010067365,19.5893627291824,19.64416658808003,18.359511033841443,40.639402603489785,26.136948741471365,18.327328748140832,13.976982322758314,18.41453228835304,16.91646564273756,33.87307999138325,20.568504376306034,CROMA,251,100,9,102,33,Lakes,495
1.9458393566529537,2.148052074806204,2.432942449354483,3.6569395913684475,6.197111631537861,8.373133843600879,1.706577974870658,1.6031755995114791,1.1363672857678104,1.1305523066131271,4.733606557377049,5.183251665042497,CROMA,8,1,14,61,48,Craters,132
