amp_skipped_steps_total,epoch_indexing,fold,model,optimizer_attempts_per_epoch,optimizer_attempts_total,optimizer_steps_total,seed,selected_epoch,training_example_presentations
11,one based,0,DINOv2,457,22850,22839,0,3,730150
12,one based,0,DINOv2,457,22850,22838,1,3,730150
11,one based,0,DINOv2,457,22850,22839,2,11,730150
12,one based,0,DINOv2,457,22850,22838,3,6,730150
12,one based,0,DINOv2,457,22850,22838,4,5,730150
11,one based,1,DINOv2,392,19600,19589,0,4,627100
9,one based,1,DINOv2,392,19600,19591,1,7,627100
9,one based,1,DINOv2,392,19600,19591,2,9,627100
10,one based,1,DINOv2,392,19600,19590,3,3,627100
11,one based,1,DINOv2,392,19600,19589,4,1,627100
10,one based,2,DINOv2,386,19300,19290,0,5,617400
10,one based,2,DINOv2,386,19300,19290,1,6,617400
11,one based,2,DINOv2,386,19300,19289,2,14,617400
11,one based,2,DINOv2,386,19300,19289,3,6,617400
10,one based,2,DINOv2,386,19300,19290,4,2,617400
11,one based,3,DINOv2,418,20900,20889,0,2,667500
11,one based,3,DINOv2,418,20900,20889,1,6,667500
11,one based,3,DINOv2,418,20900,20889,2,2,667500
11,one based,3,DINOv2,418,20900,20889,3,5,667500
12,one based,3,DINOv2,418,20900,20888,4,2,667500
12,one based,4,DINOv2,458,22900,22888,0,5,732200
12,one based,4,DINOv2,458,22900,22888,1,4,732200
12,one based,4,DINOv2,458,22900,22888,2,3,732200
11,one based,4,DINOv2,458,22900,22889,3,4,732200
12,one based,4,DINOv2,458,22900,22888,4,1,732200
12,one based,0,DOFA,457,22850,22838,0,1,730150
12,one based,0,DOFA,457,22850,22838,1,7,730150
12,one based,0,DOFA,457,22850,22838,2,7,730150
12,one based,0,DOFA,457,22850,22838,3,4,730150
11,one based,0,DOFA,457,22850,22839,4,4,730150
12,one based,1,DOFA,392,19600,19588,0,5,627100
12,one based,1,DOFA,392,19600,19588,1,15,627100
12,one based,1,DOFA,392,19600,19588,2,7,627100
12,one based,1,DOFA,392,19600,19588,3,2,627100
10,one based,1,DOFA,392,19600,19590,4,3,627100
11,one based,2,DOFA,386,19300,19289,0,5,617400
12,one based,2,DOFA,386,19300,19288,1,5,617400
11,one based,2,DOFA,386,19300,19289,2,11,617400
11,one based,2,DOFA,386,19300,19289,3,21,617400
11,one based,2,DOFA,386,19300,19289,4,2,617400
12,one based,3,DOFA,418,20900,20888,0,7,667500
12,one based,3,DOFA,418,20900,20888,1,11,667500
13,one based,3,DOFA,418,20900,20887,2,5,667500
12,one based,3,DOFA,418,20900,20888,3,5,667500
12,one based,3,DOFA,418,20900,20888,4,13,667500
13,one based,4,DOFA,458,22900,22887,0,4,732200
12,one based,4,DOFA,458,22900,22888,1,7,732200
13,one based,4,DOFA,458,22900,22887,2,15,732200
12,one based,4,DOFA,458,22900,22888,3,7,732200
13,one based,4,DOFA,458,22900,22887,4,9,732200
11,one based,0,CROMA,457,22850,22839,0,7,730150
11,one based,0,CROMA,457,22850,22839,1,11,730150
11,one based,0,CROMA,457,22850,22839,2,3,730150
12,one based,0,CROMA,457,22850,22838,3,13,730150
11,one based,0,CROMA,457,22850,22839,4,6,730150
10,one based,1,CROMA,392,19600,19590,0,3,627100
10,one based,1,CROMA,392,19600,19590,1,4,627100
11,one based,1,CROMA,392,19600,19589,2,8,627100
9,one based,1,CROMA,392,19600,19591,3,4,627100
10,one based,1,CROMA,392,19600,19590,4,8,627100
9,one based,2,CROMA,386,19300,19291,0,8,617400
9,one based,2,CROMA,386,19300,19291,1,3,617400
9,one based,2,CROMA,386,19300,19291,2,6,617400
9,one based,2,CROMA,386,19300,19291,3,2,617400
9,one based,2,CROMA,386,19300,19291,4,3,617400
12,one based,3,CROMA,418,20900,20888,0,13,667500
11,one based,3,CROMA,418,20900,20889,1,7,667500
11,one based,3,CROMA,418,20900,20889,2,8,667500
12,one based,3,CROMA,418,20900,20888,3,7,667500
12,one based,3,CROMA,418,20900,20888,4,13,667500
11,one based,4,CROMA,458,22900,22889,0,7,732200
11,one based,4,CROMA,458,22900,22889,1,3,732200
11,one based,4,CROMA,458,22900,22889,2,6,732200
11,one based,4,CROMA,458,22900,22889,3,1,732200
10,one based,4,CROMA,458,22900,22890,4,6,732200
