model,fold,draw_seed,classifier_parameters,convergence_warning,estimator_sha256,fit_warnings,iteration_limit_reached,n_iter,scaler_parameters,estimator_replay
dinov2,0,0,"{""C"":1.0,""class_weight"":""balanced"",""dual"":false,""fit_intercept"":true,""intercept_scaling"":1,""l1_ratio"":0.0,""max_iter"":2000,""n_jobs"":null,""penalty"":""deprecated"",""random_state"":0,""solver"":""lbfgs"",""tol"":0.0001,""verbose"":0,""warm_start"":false}",False,cd5012fb2423e667743a3cf2a6bab57795573b2157436e55d6ffc2baece9e93b,[],False,[369],"{""copy"":true,""with_mean"":true,""with_std"":true}","{""probability_max_abs_difference"":0.0,""verified"":true}"
dinov2,0,1,"{""C"":1.0,""class_weight"":""balanced"",""dual"":false,""fit_intercept"":true,""intercept_scaling"":1,""l1_ratio"":0.0,""max_iter"":2000,""n_jobs"":null,""penalty"":""deprecated"",""random_state"":0,""solver"":""lbfgs"",""tol"":0.0001,""verbose"":0,""warm_start"":false}",False,94c53c14fc68397c318cb8ef3a85500f387a7809822e8813998b3ab9b668f926,[],False,[365],"{""copy"":true,""with_mean"":true,""with_std"":true}","{""probability_max_abs_difference"":0.0,""verified"":true}"
dinov2,0,2,"{""C"":1.0,""class_weight"":""balanced"",""dual"":false,""fit_intercept"":true,""intercept_scaling"":1,""l1_ratio"":0.0,""max_iter"":2000,""n_jobs"":null,""penalty"":""deprecated"",""random_state"":0,""solver"":""lbfgs"",""tol"":0.0001,""verbose"":0,""warm_start"":false}",False,5beb5d6ee6c2e23417aeda1253236c12ff39c946ee3fedc97328cbe3ad69a179,[],False,[364],"{""copy"":true,""with_mean"":true,""with_std"":true}","{""probability_max_abs_difference"":0.0,""verified"":true}"
dinov2,0,3,"{""C"":1.0,""class_weight"":""balanced"",""dual"":false,""fit_intercept"":true,""intercept_scaling"":1,""l1_ratio"":0.0,""max_iter"":2000,""n_jobs"":null,""penalty"":""deprecated"",""random_state"":0,""solver"":""lbfgs"",""tol"":0.0001,""verbose"":0,""warm_start"":false}",False,0753ab7fa2bc385e9ac13c29b94f3a3d5cb8309fee40df9d050c9b6bfd3a881d,[],False,[352],"{""copy"":true,""with_mean"":true,""with_std"":true}","{""probability_max_abs_difference"":0.0,""verified"":true}"
dinov2,0,4,"{""C"":1.0,""class_weight"":""balanced"",""dual"":false,""fit_intercept"":true,""intercept_scaling"":1,""l1_ratio"":0.0,""max_iter"":2000,""n_jobs"":null,""penalty"":""deprecated"",""random_state"":0,""solver"":""lbfgs"",""tol"":0.0001,""verbose"":0,""warm_start"":false}",False,23dcd0f2279231f76d2e0afe1b47ab9225366a069de744b0df3e7ef1043c0b14,[],False,[330],"{""copy"":true,""with_mean"":true,""with_std"":true}","{""probability_max_abs_difference"":0.0,""verified"":true}"
dinov2,1,0,"{""C"":1.0,""class_weight"":""balanced"",""dual"":false,""fit_intercept"":true,""intercept_scaling"":1,""l1_ratio"":0.0,""max_iter"":2000,""n_jobs"":null,""penalty"":""deprecated"",""random_state"":0,""solver"":""lbfgs"",""tol"":0.0001,""verbose"":0,""warm_start"":false}",False,d01572ffa00776b9e977bafb86ad0377de67061c8cdd0bffafcf9ce0ddadd551,[],False,[355],"{""copy"":true,""with_mean"":true,""with_std"":true}","{""probability_max_abs_difference"":0.0,""verified"":true}"
dinov2,1,1,"{""C"":1.0,""class_weight"":""balanced"",""dual"":false,""fit_intercept"":true,""intercept_scaling"":1,""l1_ratio"":0.0,""max_iter"":2000,""n_jobs"":null,""penalty"":""deprecated"",""random_state"":0,""solver"":""lbfgs"",""tol"":0.0001,""verbose"":0,""warm_start"":false}",False,1c0edb2dfc0b80fdd4602fe92abf634859e76437cbc4c9f8fbf66898179f9e3b,[],False,[370],"{""copy"":true,""with_mean"":true,""with_std"":true}","{""probability_max_abs_difference"":0.0,""verified"":true}"
dinov2,1,2,"{""C"":1.0,""class_weight"":""balanced"",""dual"":false,""fit_intercept"":true,""intercept_scaling"":1,""l1_ratio"":0.0,""max_iter"":2000,""n_jobs"":null,""penalty"":""deprecated"",""random_state"":0,""solver"":""lbfgs"",""tol"":0.0001,""verbose"":0,""warm_start"":false}",False,9cf4f689882fd1aeb7bf15e53bf11287a5797f630966ce32e6ba5f43366e725b,[],False,[351],"{""copy"":true,""with_mean"":true,""with_std"":true}","{""probability_max_abs_difference"":0.0,""verified"":true}"
dinov2,1,3,"{""C"":1.0,""class_weight"":""balanced"",""dual"":false,""fit_intercept"":true,""intercept_scaling"":1,""l1_ratio"":0.0,""max_iter"":2000,""n_jobs"":null,""penalty"":""deprecated"",""random_state"":0,""solver"":""lbfgs"",""tol"":0.0001,""verbose"":0,""warm_start"":false}",False,94d0a260ab0c348683d935db40829668d9c211a0be9218be5943cd7276d79e21,[],False,[368],"{""copy"":true,""with_mean"":true,""with_std"":true}","{""probability_max_abs_difference"":0.0,""verified"":true}"
dinov2,1,4,"{""C"":1.0,""class_weight"":""balanced"",""dual"":false,""fit_intercept"":true,""intercept_scaling"":1,""l1_ratio"":0.0,""max_iter"":2000,""n_jobs"":null,""penalty"":""deprecated"",""random_state"":0,""solver"":""lbfgs"",""tol"":0.0001,""verbose"":0,""warm_start"":false}",False,ea656cdb7e1a5c63a8fd4316626ab014d3e911566a072a5820f34b4ad4d16111,[],False,[343],"{""copy"":true,""with_mean"":true,""with_std"":true}","{""probability_max_abs_difference"":0.0,""verified"":true}"
dinov2,2,0,"{""C"":1.0,""class_weight"":""balanced"",""dual"":false,""fit_intercept"":true,""intercept_scaling"":1,""l1_ratio"":0.0,""max_iter"":2000,""n_jobs"":null,""penalty"":""deprecated"",""random_state"":0,""solver"":""lbfgs"",""tol"":0.0001,""verbose"":0,""warm_start"":false}",False,74eddd490f8f87582f9af8af305c19a833906a30b5b314e1801795ca161a38e7,[],False,[370],"{""copy"":true,""with_mean"":true,""with_std"":true}","{""probability_max_abs_difference"":0.0,""verified"":true}"
dinov2,2,1,"{""C"":1.0,""class_weight"":""balanced"",""dual"":false,""fit_intercept"":true,""intercept_scaling"":1,""l1_ratio"":0.0,""max_iter"":2000,""n_jobs"":null,""penalty"":""deprecated"",""random_state"":0,""solver"":""lbfgs"",""tol"":0.0001,""verbose"":0,""warm_start"":false}",False,de9363a7a6b77afef908be5cc63f2ad472cd26d55cd6e50e985f1f86c3d01ec5,[],False,[375],"{""copy"":true,""with_mean"":true,""with_std"":true}","{""probability_max_abs_difference"":0.0,""verified"":true}"
dinov2,2,2,"{""C"":1.0,""class_weight"":""balanced"",""dual"":false,""fit_intercept"":true,""intercept_scaling"":1,""l1_ratio"":0.0,""max_iter"":2000,""n_jobs"":null,""penalty"":""deprecated"",""random_state"":0,""solver"":""lbfgs"",""tol"":0.0001,""verbose"":0,""warm_start"":false}",False,295e199ea47c749c6f724f5bbfe9af1c6cff23b7dfd6c24bf1edf649a1c03479,[],False,[358],"{""copy"":true,""with_mean"":true,""with_std"":true}","{""probability_max_abs_difference"":0.0,""verified"":true}"
dinov2,2,3,"{""C"":1.0,""class_weight"":""balanced"",""dual"":false,""fit_intercept"":true,""intercept_scaling"":1,""l1_ratio"":0.0,""max_iter"":2000,""n_jobs"":null,""penalty"":""deprecated"",""random_state"":0,""solver"":""lbfgs"",""tol"":0.0001,""verbose"":0,""warm_start"":false}",False,0c6a96d7dd6df9fa6049d3e5d48ca29f87909f1f30d0ec1e3ef12ece53cbb3ab,[],False,[367],"{""copy"":true,""with_mean"":true,""with_std"":true}","{""probability_max_abs_difference"":0.0,""verified"":true}"
dinov2,2,4,"{""C"":1.0,""class_weight"":""balanced"",""dual"":false,""fit_intercept"":true,""intercept_scaling"":1,""l1_ratio"":0.0,""max_iter"":2000,""n_jobs"":null,""penalty"":""deprecated"",""random_state"":0,""solver"":""lbfgs"",""tol"":0.0001,""verbose"":0,""warm_start"":false}",False,a9432b102bc51cc99df40320307fe5ca071fad8cbea2cc863d240f22e4fd1a93,[],False,[385],"{""copy"":true,""with_mean"":true,""with_std"":true}","{""probability_max_abs_difference"":0.0,""verified"":true}"
dinov2,3,0,"{""C"":1.0,""class_weight"":""balanced"",""dual"":false,""fit_intercept"":true,""intercept_scaling"":1,""l1_ratio"":0.0,""max_iter"":2000,""n_jobs"":null,""penalty"":""deprecated"",""random_state"":0,""solver"":""lbfgs"",""tol"":0.0001,""verbose"":0,""warm_start"":false}",False,c8f1c2c6ddf08699d8514da1682aed4b80d24c7bd5f3573ed6391a77233428b9,[],False,[318],"{""copy"":true,""with_mean"":true,""with_std"":true}","{""probability_max_abs_difference"":0.0,""verified"":true}"
dinov2,3,1,"{""C"":1.0,""class_weight"":""balanced"",""dual"":false,""fit_intercept"":true,""intercept_scaling"":1,""l1_ratio"":0.0,""max_iter"":2000,""n_jobs"":null,""penalty"":""deprecated"",""random_state"":0,""solver"":""lbfgs"",""tol"":0.0001,""verbose"":0,""warm_start"":false}",False,1d6d88d3fa91b5eba4e692d69f2458fc9082a08e71b7ae3249bdb11bbb970f3a,[],False,[327],"{""copy"":true,""with_mean"":true,""with_std"":true}","{""probability_max_abs_difference"":0.0,""verified"":true}"
dinov2,3,2,"{""C"":1.0,""class_weight"":""balanced"",""dual"":false,""fit_intercept"":true,""intercept_scaling"":1,""l1_ratio"":0.0,""max_iter"":2000,""n_jobs"":null,""penalty"":""deprecated"",""random_state"":0,""solver"":""lbfgs"",""tol"":0.0001,""verbose"":0,""warm_start"":false}",False,76a461fa58d240a6689c603c185ff7585806b345fe0e24aecde4495947b8760c,[],False,[339],"{""copy"":true,""with_mean"":true,""with_std"":true}","{""probability_max_abs_difference"":0.0,""verified"":true}"
dinov2,3,3,"{""C"":1.0,""class_weight"":""balanced"",""dual"":false,""fit_intercept"":true,""intercept_scaling"":1,""l1_ratio"":0.0,""max_iter"":2000,""n_jobs"":null,""penalty"":""deprecated"",""random_state"":0,""solver"":""lbfgs"",""tol"":0.0001,""verbose"":0,""warm_start"":false}",False,c17c4bf75daba37d09420263456d163a6f267cdd53818c322225c30d888508eb,[],False,[347],"{""copy"":true,""with_mean"":true,""with_std"":true}","{""probability_max_abs_difference"":0.0,""verified"":true}"
dinov2,3,4,"{""C"":1.0,""class_weight"":""balanced"",""dual"":false,""fit_intercept"":true,""intercept_scaling"":1,""l1_ratio"":0.0,""max_iter"":2000,""n_jobs"":null,""penalty"":""deprecated"",""random_state"":0,""solver"":""lbfgs"",""tol"":0.0001,""verbose"":0,""warm_start"":false}",False,d355c53158b1f4259e9735d308cf885b2f66e46f3adb3dc747f98748e34401fc,[],False,[356],"{""copy"":true,""with_mean"":true,""with_std"":true}","{""probability_max_abs_difference"":0.0,""verified"":true}"
dinov2,4,0,"{""C"":1.0,""class_weight"":""balanced"",""dual"":false,""fit_intercept"":true,""intercept_scaling"":1,""l1_ratio"":0.0,""max_iter"":2000,""n_jobs"":null,""penalty"":""deprecated"",""random_state"":0,""solver"":""lbfgs"",""tol"":0.0001,""verbose"":0,""warm_start"":false}",False,3eb2d9ac2ce68ae2951936b3a4ab7fd9c6b8e6b66246e44b7969e541fffdf2d5,[],False,[339],"{""copy"":true,""with_mean"":true,""with_std"":true}","{""probability_max_abs_difference"":0.0,""verified"":true}"
dinov2,4,1,"{""C"":1.0,""class_weight"":""balanced"",""dual"":false,""fit_intercept"":true,""intercept_scaling"":1,""l1_ratio"":0.0,""max_iter"":2000,""n_jobs"":null,""penalty"":""deprecated"",""random_state"":0,""solver"":""lbfgs"",""tol"":0.0001,""verbose"":0,""warm_start"":false}",False,2b1e050f952aa1b839944f59f612f4ae032ebd0ac21c8769358061568439e56b,[],False,[367],"{""copy"":true,""with_mean"":true,""with_std"":true}","{""probability_max_abs_difference"":0.0,""verified"":true}"
dinov2,4,2,"{""C"":1.0,""class_weight"":""balanced"",""dual"":false,""fit_intercept"":true,""intercept_scaling"":1,""l1_ratio"":0.0,""max_iter"":2000,""n_jobs"":null,""penalty"":""deprecated"",""random_state"":0,""solver"":""lbfgs"",""tol"":0.0001,""verbose"":0,""warm_start"":false}",False,af633e6ffd55dabeb45412357513f9d15b358021e94842b5a29c76774f4197b9,[],False,[366],"{""copy"":true,""with_mean"":true,""with_std"":true}","{""probability_max_abs_difference"":0.0,""verified"":true}"
dinov2,4,3,"{""C"":1.0,""class_weight"":""balanced"",""dual"":false,""fit_intercept"":true,""intercept_scaling"":1,""l1_ratio"":0.0,""max_iter"":2000,""n_jobs"":null,""penalty"":""deprecated"",""random_state"":0,""solver"":""lbfgs"",""tol"":0.0001,""verbose"":0,""warm_start"":false}",False,236a7c40eb477dc8678675dc61653bbc0320c8b3701b60d31207051a46a27eb0,[],False,[355],"{""copy"":true,""with_mean"":true,""with_std"":true}","{""probability_max_abs_difference"":0.0,""verified"":true}"
dinov2,4,4,"{""C"":1.0,""class_weight"":""balanced"",""dual"":false,""fit_intercept"":true,""intercept_scaling"":1,""l1_ratio"":0.0,""max_iter"":2000,""n_jobs"":null,""penalty"":""deprecated"",""random_state"":0,""solver"":""lbfgs"",""tol"":0.0001,""verbose"":0,""warm_start"":false}",False,64db61744ebf653120d4798554b811535190692fc29469c372ad63c9811976a6,[],False,[362],"{""copy"":true,""with_mean"":true,""with_std"":true}","{""probability_max_abs_difference"":0.0,""verified"":true}"
dofa,0,0,"{""C"":1.0,""class_weight"":""balanced"",""dual"":false,""fit_intercept"":true,""intercept_scaling"":1,""l1_ratio"":0.0,""max_iter"":2000,""n_jobs"":null,""penalty"":""deprecated"",""random_state"":0,""solver"":""lbfgs"",""tol"":0.0001,""verbose"":0,""warm_start"":false}",False,68b449cbf6835675d32c24a14c8b386604c9782a18cfbd7e1a858ffa1bf2ba7d,[],False,[782],"{""copy"":true,""with_mean"":true,""with_std"":true}","{""probability_max_abs_difference"":0.0,""verified"":true}"
dofa,0,1,"{""C"":1.0,""class_weight"":""balanced"",""dual"":false,""fit_intercept"":true,""intercept_scaling"":1,""l1_ratio"":0.0,""max_iter"":2000,""n_jobs"":null,""penalty"":""deprecated"",""random_state"":0,""solver"":""lbfgs"",""tol"":0.0001,""verbose"":0,""warm_start"":false}",False,5d1f3a119797f78ca9287bf0596e416e6a81373f83516bdb32b175cf1418ea6a,[],False,[763],"{""copy"":true,""with_mean"":true,""with_std"":true}","{""probability_max_abs_difference"":0.0,""verified"":true}"
dofa,0,2,"{""C"":1.0,""class_weight"":""balanced"",""dual"":false,""fit_intercept"":true,""intercept_scaling"":1,""l1_ratio"":0.0,""max_iter"":2000,""n_jobs"":null,""penalty"":""deprecated"",""random_state"":0,""solver"":""lbfgs"",""tol"":0.0001,""verbose"":0,""warm_start"":false}",False,317f0351e4ae7c001eb023cc18adb3a9c0211e807b72cfd0835ed2bb4c524bd9,[],False,[734],"{""copy"":true,""with_mean"":true,""with_std"":true}","{""probability_max_abs_difference"":0.0,""verified"":true}"
dofa,0,3,"{""C"":1.0,""class_weight"":""balanced"",""dual"":false,""fit_intercept"":true,""intercept_scaling"":1,""l1_ratio"":0.0,""max_iter"":2000,""n_jobs"":null,""penalty"":""deprecated"",""random_state"":0,""solver"":""lbfgs"",""tol"":0.0001,""verbose"":0,""warm_start"":false}",False,eb99b0e85dfea0d62eeb6bc4e3e766c4a45f651598193f667ae72519297df8f7,[],False,[741],"{""copy"":true,""with_mean"":true,""with_std"":true}","{""probability_max_abs_difference"":0.0,""verified"":true}"
dofa,0,4,"{""C"":1.0,""class_weight"":""balanced"",""dual"":false,""fit_intercept"":true,""intercept_scaling"":1,""l1_ratio"":0.0,""max_iter"":2000,""n_jobs"":null,""penalty"":""deprecated"",""random_state"":0,""solver"":""lbfgs"",""tol"":0.0001,""verbose"":0,""warm_start"":false}",False,4f19e61ef64bba49e44f4644b8e7ab07800194040c5188cc2e4fc698530f4c48,[],False,[769],"{""copy"":true,""with_mean"":true,""with_std"":true}","{""probability_max_abs_difference"":0.0,""verified"":true}"
dofa,1,0,"{""C"":1.0,""class_weight"":""balanced"",""dual"":false,""fit_intercept"":true,""intercept_scaling"":1,""l1_ratio"":0.0,""max_iter"":2000,""n_jobs"":null,""penalty"":""deprecated"",""random_state"":0,""solver"":""lbfgs"",""tol"":0.0001,""verbose"":0,""warm_start"":false}",False,7f0b6be42fa0fed97e79ce0d515f59a29378520464ff4d84987e8b4c32695769,[],False,[689],"{""copy"":true,""with_mean"":true,""with_std"":true}","{""probability_max_abs_difference"":0.0,""verified"":true}"
dofa,1,1,"{""C"":1.0,""class_weight"":""balanced"",""dual"":false,""fit_intercept"":true,""intercept_scaling"":1,""l1_ratio"":0.0,""max_iter"":2000,""n_jobs"":null,""penalty"":""deprecated"",""random_state"":0,""solver"":""lbfgs"",""tol"":0.0001,""verbose"":0,""warm_start"":false}",False,6d5064c8f4f31096160bdc02824b12749f638bd07864ca39f77e448637adc3da,[],False,[698],"{""copy"":true,""with_mean"":true,""with_std"":true}","{""probability_max_abs_difference"":0.0,""verified"":true}"
dofa,1,2,"{""C"":1.0,""class_weight"":""balanced"",""dual"":false,""fit_intercept"":true,""intercept_scaling"":1,""l1_ratio"":0.0,""max_iter"":2000,""n_jobs"":null,""penalty"":""deprecated"",""random_state"":0,""solver"":""lbfgs"",""tol"":0.0001,""verbose"":0,""warm_start"":false}",False,82934acee2695bb5829710a62c56262310ea78c25b1fda0a8a7332873c183860,[],False,[701],"{""copy"":true,""with_mean"":true,""with_std"":true}","{""probability_max_abs_difference"":0.0,""verified"":true}"
dofa,1,3,"{""C"":1.0,""class_weight"":""balanced"",""dual"":false,""fit_intercept"":true,""intercept_scaling"":1,""l1_ratio"":0.0,""max_iter"":2000,""n_jobs"":null,""penalty"":""deprecated"",""random_state"":0,""solver"":""lbfgs"",""tol"":0.0001,""verbose"":0,""warm_start"":false}",False,b77d39f8d3f43f27f1dbc7f6072930f719393aa1aecf969b6cd394a1a17c3af2,[],False,[675],"{""copy"":true,""with_mean"":true,""with_std"":true}","{""probability_max_abs_difference"":0.0,""verified"":true}"
dofa,1,4,"{""C"":1.0,""class_weight"":""balanced"",""dual"":false,""fit_intercept"":true,""intercept_scaling"":1,""l1_ratio"":0.0,""max_iter"":2000,""n_jobs"":null,""penalty"":""deprecated"",""random_state"":0,""solver"":""lbfgs"",""tol"":0.0001,""verbose"":0,""warm_start"":false}",False,6019a17e608c6153e31c18700b2adca5b0659a6fd4a7ea3cc942063879e4b508,[],False,[674],"{""copy"":true,""with_mean"":true,""with_std"":true}","{""probability_max_abs_difference"":0.0,""verified"":true}"
dofa,2,0,"{""C"":1.0,""class_weight"":""balanced"",""dual"":false,""fit_intercept"":true,""intercept_scaling"":1,""l1_ratio"":0.0,""max_iter"":2000,""n_jobs"":null,""penalty"":""deprecated"",""random_state"":0,""solver"":""lbfgs"",""tol"":0.0001,""verbose"":0,""warm_start"":false}",False,e7ef1ea355cd53d5a9af5c36c35bec9b444dcd720314754d254cf100d7bbe028,[],False,[589],"{""copy"":true,""with_mean"":true,""with_std"":true}","{""probability_max_abs_difference"":0.0,""verified"":true}"
dofa,2,1,"{""C"":1.0,""class_weight"":""balanced"",""dual"":false,""fit_intercept"":true,""intercept_scaling"":1,""l1_ratio"":0.0,""max_iter"":2000,""n_jobs"":null,""penalty"":""deprecated"",""random_state"":0,""solver"":""lbfgs"",""tol"":0.0001,""verbose"":0,""warm_start"":false}",False,9a6029d5f64a6a4c8ff0acd9656245285d02ab21f2f43996f06cc782f6ac9ef2,[],False,[630],"{""copy"":true,""with_mean"":true,""with_std"":true}","{""probability_max_abs_difference"":0.0,""verified"":true}"
dofa,2,2,"{""C"":1.0,""class_weight"":""balanced"",""dual"":false,""fit_intercept"":true,""intercept_scaling"":1,""l1_ratio"":0.0,""max_iter"":2000,""n_jobs"":null,""penalty"":""deprecated"",""random_state"":0,""solver"":""lbfgs"",""tol"":0.0001,""verbose"":0,""warm_start"":false}",False,58825b46a772bc7ebfa364dbec5272d5ccd5d0346ba697561470c615402fe18d,[],False,[587],"{""copy"":true,""with_mean"":true,""with_std"":true}","{""probability_max_abs_difference"":0.0,""verified"":true}"
dofa,2,3,"{""C"":1.0,""class_weight"":""balanced"",""dual"":false,""fit_intercept"":true,""intercept_scaling"":1,""l1_ratio"":0.0,""max_iter"":2000,""n_jobs"":null,""penalty"":""deprecated"",""random_state"":0,""solver"":""lbfgs"",""tol"":0.0001,""verbose"":0,""warm_start"":false}",False,2b976bef637adf1d74e0180fd8918b110648a880266bac35cb5a0c01ee4586fe,[],False,[617],"{""copy"":true,""with_mean"":true,""with_std"":true}","{""probability_max_abs_difference"":0.0,""verified"":true}"
dofa,2,4,"{""C"":1.0,""class_weight"":""balanced"",""dual"":false,""fit_intercept"":true,""intercept_scaling"":1,""l1_ratio"":0.0,""max_iter"":2000,""n_jobs"":null,""penalty"":""deprecated"",""random_state"":0,""solver"":""lbfgs"",""tol"":0.0001,""verbose"":0,""warm_start"":false}",False,0eb7d17912c1739dccbffe8db809004e3247042fe68cfb40d25099fa274952e1,[],False,[612],"{""copy"":true,""with_mean"":true,""with_std"":true}","{""probability_max_abs_difference"":0.0,""verified"":true}"
dofa,3,0,"{""C"":1.0,""class_weight"":""balanced"",""dual"":false,""fit_intercept"":true,""intercept_scaling"":1,""l1_ratio"":0.0,""max_iter"":2000,""n_jobs"":null,""penalty"":""deprecated"",""random_state"":0,""solver"":""lbfgs"",""tol"":0.0001,""verbose"":0,""warm_start"":false}",False,c3c601acd8ce5fbfa1c4b25a752097e9f1e202bba1f1069a715a5b977a6555d3,[],False,[588],"{""copy"":true,""with_mean"":true,""with_std"":true}","{""probability_max_abs_difference"":0.0,""verified"":true}"
dofa,3,1,"{""C"":1.0,""class_weight"":""balanced"",""dual"":false,""fit_intercept"":true,""intercept_scaling"":1,""l1_ratio"":0.0,""max_iter"":2000,""n_jobs"":null,""penalty"":""deprecated"",""random_state"":0,""solver"":""lbfgs"",""tol"":0.0001,""verbose"":0,""warm_start"":false}",False,edc1b2a186bd9596858acf48f9d87efb1ad3bed14ca45f9af6f0aed0cee63a25,[],False,[588],"{""copy"":true,""with_mean"":true,""with_std"":true}","{""probability_max_abs_difference"":0.0,""verified"":true}"
dofa,3,2,"{""C"":1.0,""class_weight"":""balanced"",""dual"":false,""fit_intercept"":true,""intercept_scaling"":1,""l1_ratio"":0.0,""max_iter"":2000,""n_jobs"":null,""penalty"":""deprecated"",""random_state"":0,""solver"":""lbfgs"",""tol"":0.0001,""verbose"":0,""warm_start"":false}",False,fcd21a15a946ff7c3403fb0e103f2526aae95c85c6a8bd13da6c6ad2b22dd9d2,[],False,[581],"{""copy"":true,""with_mean"":true,""with_std"":true}","{""probability_max_abs_difference"":0.0,""verified"":true}"
dofa,3,3,"{""C"":1.0,""class_weight"":""balanced"",""dual"":false,""fit_intercept"":true,""intercept_scaling"":1,""l1_ratio"":0.0,""max_iter"":2000,""n_jobs"":null,""penalty"":""deprecated"",""random_state"":0,""solver"":""lbfgs"",""tol"":0.0001,""verbose"":0,""warm_start"":false}",False,0a511724d8a1263a9f602b9e33932e8f540b05c8df663c1cf28348f1f8108ae5,[],False,[583],"{""copy"":true,""with_mean"":true,""with_std"":true}","{""probability_max_abs_difference"":0.0,""verified"":true}"
dofa,3,4,"{""C"":1.0,""class_weight"":""balanced"",""dual"":false,""fit_intercept"":true,""intercept_scaling"":1,""l1_ratio"":0.0,""max_iter"":2000,""n_jobs"":null,""penalty"":""deprecated"",""random_state"":0,""solver"":""lbfgs"",""tol"":0.0001,""verbose"":0,""warm_start"":false}",False,0acf3ccb5f1451983af0de39154ed3e60a7d5a0c878210e428df9c4d177d6714,[],False,[535],"{""copy"":true,""with_mean"":true,""with_std"":true}","{""probability_max_abs_difference"":0.0,""verified"":true}"
dofa,4,0,"{""C"":1.0,""class_weight"":""balanced"",""dual"":false,""fit_intercept"":true,""intercept_scaling"":1,""l1_ratio"":0.0,""max_iter"":2000,""n_jobs"":null,""penalty"":""deprecated"",""random_state"":0,""solver"":""lbfgs"",""tol"":0.0001,""verbose"":0,""warm_start"":false}",False,f66fcc771214065275f994488ec77af79681e2d14c0b5e701e0ad843184be264,[],False,[688],"{""copy"":true,""with_mean"":true,""with_std"":true}","{""probability_max_abs_difference"":0.0,""verified"":true}"
dofa,4,1,"{""C"":1.0,""class_weight"":""balanced"",""dual"":false,""fit_intercept"":true,""intercept_scaling"":1,""l1_ratio"":0.0,""max_iter"":2000,""n_jobs"":null,""penalty"":""deprecated"",""random_state"":0,""solver"":""lbfgs"",""tol"":0.0001,""verbose"":0,""warm_start"":false}",False,78daad05f9e1bec1cf8368ca4d2aafdc794162de32c943d10bf0a5b5ba3179d7,[],False,[662],"{""copy"":true,""with_mean"":true,""with_std"":true}","{""probability_max_abs_difference"":0.0,""verified"":true}"
dofa,4,2,"{""C"":1.0,""class_weight"":""balanced"",""dual"":false,""fit_intercept"":true,""intercept_scaling"":1,""l1_ratio"":0.0,""max_iter"":2000,""n_jobs"":null,""penalty"":""deprecated"",""random_state"":0,""solver"":""lbfgs"",""tol"":0.0001,""verbose"":0,""warm_start"":false}",False,fa8a4b318136ad6540306097ff1588c1471d2f7b98a73afc7ad0c5c45fe818d7,[],False,[702],"{""copy"":true,""with_mean"":true,""with_std"":true}","{""probability_max_abs_difference"":0.0,""verified"":true}"
dofa,4,3,"{""C"":1.0,""class_weight"":""balanced"",""dual"":false,""fit_intercept"":true,""intercept_scaling"":1,""l1_ratio"":0.0,""max_iter"":2000,""n_jobs"":null,""penalty"":""deprecated"",""random_state"":0,""solver"":""lbfgs"",""tol"":0.0001,""verbose"":0,""warm_start"":false}",False,d582d471d0674e85ca6ebc805272edf5dcde7d143fdddf7fe97f3b9752a1efda,[],False,[707],"{""copy"":true,""with_mean"":true,""with_std"":true}","{""probability_max_abs_difference"":0.0,""verified"":true}"
dofa,4,4,"{""C"":1.0,""class_weight"":""balanced"",""dual"":false,""fit_intercept"":true,""intercept_scaling"":1,""l1_ratio"":0.0,""max_iter"":2000,""n_jobs"":null,""penalty"":""deprecated"",""random_state"":0,""solver"":""lbfgs"",""tol"":0.0001,""verbose"":0,""warm_start"":false}",False,ed01ecca0f0eba3415846e7f6701d857356404200ad8ac8dae5b4520023c6e1c,[],False,[687],"{""copy"":true,""with_mean"":true,""with_std"":true}","{""probability_max_abs_difference"":0.0,""verified"":true}"
croma,0,0,"{""C"":1.0,""class_weight"":""balanced"",""dual"":false,""fit_intercept"":true,""intercept_scaling"":1,""l1_ratio"":0.0,""max_iter"":2000,""n_jobs"":null,""penalty"":""deprecated"",""random_state"":0,""solver"":""lbfgs"",""tol"":0.0001,""verbose"":0,""warm_start"":false}",False,8d2ffc56de938a92bdb449e6a31e4de7618dc5c7dda0cdbc1f3ecaa8dbd268fe,[],False,[707],"{""copy"":true,""with_mean"":true,""with_std"":true}","{""probability_max_abs_difference"":0.0,""verified"":true}"
croma,0,1,"{""C"":1.0,""class_weight"":""balanced"",""dual"":false,""fit_intercept"":true,""intercept_scaling"":1,""l1_ratio"":0.0,""max_iter"":2000,""n_jobs"":null,""penalty"":""deprecated"",""random_state"":0,""solver"":""lbfgs"",""tol"":0.0001,""verbose"":0,""warm_start"":false}",False,85df79e1ce7a248dcc2b9754fedcef4dd51a4d2c72a33836cfcb85f134fa53b9,[],False,[720],"{""copy"":true,""with_mean"":true,""with_std"":true}","{""probability_max_abs_difference"":0.0,""verified"":true}"
croma,0,2,"{""C"":1.0,""class_weight"":""balanced"",""dual"":false,""fit_intercept"":true,""intercept_scaling"":1,""l1_ratio"":0.0,""max_iter"":2000,""n_jobs"":null,""penalty"":""deprecated"",""random_state"":0,""solver"":""lbfgs"",""tol"":0.0001,""verbose"":0,""warm_start"":false}",False,3b2750133e1c09f7b37ed26c6930a6fd9f4d192b6100cc8bf2be040a2132f3d5,[],False,[705],"{""copy"":true,""with_mean"":true,""with_std"":true}","{""probability_max_abs_difference"":0.0,""verified"":true}"
croma,0,3,"{""C"":1.0,""class_weight"":""balanced"",""dual"":false,""fit_intercept"":true,""intercept_scaling"":1,""l1_ratio"":0.0,""max_iter"":2000,""n_jobs"":null,""penalty"":""deprecated"",""random_state"":0,""solver"":""lbfgs"",""tol"":0.0001,""verbose"":0,""warm_start"":false}",False,f8fc7d90db00cc9f24b7d8e9df7d7ad76491700a6c0da1a0b9f3602c135a5ac4,[],False,[734],"{""copy"":true,""with_mean"":true,""with_std"":true}","{""probability_max_abs_difference"":0.0,""verified"":true}"
croma,0,4,"{""C"":1.0,""class_weight"":""balanced"",""dual"":false,""fit_intercept"":true,""intercept_scaling"":1,""l1_ratio"":0.0,""max_iter"":2000,""n_jobs"":null,""penalty"":""deprecated"",""random_state"":0,""solver"":""lbfgs"",""tol"":0.0001,""verbose"":0,""warm_start"":false}",False,dcb53290e366bae7fa3abee2142cad323e66aeb18976fb99a373467c4f66a633,[],False,[714],"{""copy"":true,""with_mean"":true,""with_std"":true}","{""probability_max_abs_difference"":0.0,""verified"":true}"
croma,1,0,"{""C"":1.0,""class_weight"":""balanced"",""dual"":false,""fit_intercept"":true,""intercept_scaling"":1,""l1_ratio"":0.0,""max_iter"":2000,""n_jobs"":null,""penalty"":""deprecated"",""random_state"":0,""solver"":""lbfgs"",""tol"":0.0001,""verbose"":0,""warm_start"":false}",False,053349266a0373c5bd7b9614628c2a3f5490cb58f76c122f9f0e7899b6717f52,[],False,[650],"{""copy"":true,""with_mean"":true,""with_std"":true}","{""probability_max_abs_difference"":0.0,""verified"":true}"
croma,1,1,"{""C"":1.0,""class_weight"":""balanced"",""dual"":false,""fit_intercept"":true,""intercept_scaling"":1,""l1_ratio"":0.0,""max_iter"":2000,""n_jobs"":null,""penalty"":""deprecated"",""random_state"":0,""solver"":""lbfgs"",""tol"":0.0001,""verbose"":0,""warm_start"":false}",False,161dc332b9e49031b29e5c385bc5b5bb843c239c52317cfd2a019523c6ba099c,[],False,[642],"{""copy"":true,""with_mean"":true,""with_std"":true}","{""probability_max_abs_difference"":0.0,""verified"":true}"
croma,1,2,"{""C"":1.0,""class_weight"":""balanced"",""dual"":false,""fit_intercept"":true,""intercept_scaling"":1,""l1_ratio"":0.0,""max_iter"":2000,""n_jobs"":null,""penalty"":""deprecated"",""random_state"":0,""solver"":""lbfgs"",""tol"":0.0001,""verbose"":0,""warm_start"":false}",False,9912dccda2cb8e76b97f27ddf5e49a7d9d52257243b7b7d593dccc9ef7ef9de8,[],False,[652],"{""copy"":true,""with_mean"":true,""with_std"":true}","{""probability_max_abs_difference"":0.0,""verified"":true}"
croma,1,3,"{""C"":1.0,""class_weight"":""balanced"",""dual"":false,""fit_intercept"":true,""intercept_scaling"":1,""l1_ratio"":0.0,""max_iter"":2000,""n_jobs"":null,""penalty"":""deprecated"",""random_state"":0,""solver"":""lbfgs"",""tol"":0.0001,""verbose"":0,""warm_start"":false}",False,a39fa4d383f4e5a3e78f1feb41e1ba722dff2291da93e21ccc42cddefd99f768,[],False,[661],"{""copy"":true,""with_mean"":true,""with_std"":true}","{""probability_max_abs_difference"":0.0,""verified"":true}"
croma,1,4,"{""C"":1.0,""class_weight"":""balanced"",""dual"":false,""fit_intercept"":true,""intercept_scaling"":1,""l1_ratio"":0.0,""max_iter"":2000,""n_jobs"":null,""penalty"":""deprecated"",""random_state"":0,""solver"":""lbfgs"",""tol"":0.0001,""verbose"":0,""warm_start"":false}",False,61e36fb250c465973d3823732cfdf13d091078eed908947018e05bfdf5029edb,[],False,[653],"{""copy"":true,""with_mean"":true,""with_std"":true}","{""probability_max_abs_difference"":0.0,""verified"":true}"
croma,2,0,"{""C"":1.0,""class_weight"":""balanced"",""dual"":false,""fit_intercept"":true,""intercept_scaling"":1,""l1_ratio"":0.0,""max_iter"":2000,""n_jobs"":null,""penalty"":""deprecated"",""random_state"":0,""solver"":""lbfgs"",""tol"":0.0001,""verbose"":0,""warm_start"":false}",False,811e9fd4f046e46100bdd083b126f4b738ffa13e88dc5a0f20b80d8ca628e052,[],False,[657],"{""copy"":true,""with_mean"":true,""with_std"":true}","{""probability_max_abs_difference"":0.0,""verified"":true}"
croma,2,1,"{""C"":1.0,""class_weight"":""balanced"",""dual"":false,""fit_intercept"":true,""intercept_scaling"":1,""l1_ratio"":0.0,""max_iter"":2000,""n_jobs"":null,""penalty"":""deprecated"",""random_state"":0,""solver"":""lbfgs"",""tol"":0.0001,""verbose"":0,""warm_start"":false}",False,5e9746f22a66414abf693abcc147041c2fe1f5fc3bb2aa28949a428524e41355,[],False,[619],"{""copy"":true,""with_mean"":true,""with_std"":true}","{""probability_max_abs_difference"":0.0,""verified"":true}"
croma,2,2,"{""C"":1.0,""class_weight"":""balanced"",""dual"":false,""fit_intercept"":true,""intercept_scaling"":1,""l1_ratio"":0.0,""max_iter"":2000,""n_jobs"":null,""penalty"":""deprecated"",""random_state"":0,""solver"":""lbfgs"",""tol"":0.0001,""verbose"":0,""warm_start"":false}",False,78aa1994ac18c36c2254d880639bf8a23fa561d9828727ef84203e425581c5a4,[],False,[620],"{""copy"":true,""with_mean"":true,""with_std"":true}","{""probability_max_abs_difference"":0.0,""verified"":true}"
croma,2,3,"{""C"":1.0,""class_weight"":""balanced"",""dual"":false,""fit_intercept"":true,""intercept_scaling"":1,""l1_ratio"":0.0,""max_iter"":2000,""n_jobs"":null,""penalty"":""deprecated"",""random_state"":0,""solver"":""lbfgs"",""tol"":0.0001,""verbose"":0,""warm_start"":false}",False,417a753b8ed35d216881a36cdf59c3c041646348f34966ece527a0c52a61abc3,[],False,[656],"{""copy"":true,""with_mean"":true,""with_std"":true}","{""probability_max_abs_difference"":0.0,""verified"":true}"
croma,2,4,"{""C"":1.0,""class_weight"":""balanced"",""dual"":false,""fit_intercept"":true,""intercept_scaling"":1,""l1_ratio"":0.0,""max_iter"":2000,""n_jobs"":null,""penalty"":""deprecated"",""random_state"":0,""solver"":""lbfgs"",""tol"":0.0001,""verbose"":0,""warm_start"":false}",False,deb0d91b37eb55f32395247cfec03ee988a61a46791b474de73eafbc42c191d6,[],False,[633],"{""copy"":true,""with_mean"":true,""with_std"":true}","{""probability_max_abs_difference"":0.0,""verified"":true}"
croma,3,0,"{""C"":1.0,""class_weight"":""balanced"",""dual"":false,""fit_intercept"":true,""intercept_scaling"":1,""l1_ratio"":0.0,""max_iter"":2000,""n_jobs"":null,""penalty"":""deprecated"",""random_state"":0,""solver"":""lbfgs"",""tol"":0.0001,""verbose"":0,""warm_start"":false}",False,ca6982b9d8d2629c418bf0b9d747ed0b6f14f808d257d8d184230776e6b5cb16,[],False,[681],"{""copy"":true,""with_mean"":true,""with_std"":true}","{""probability_max_abs_difference"":0.0,""verified"":true}"
croma,3,1,"{""C"":1.0,""class_weight"":""balanced"",""dual"":false,""fit_intercept"":true,""intercept_scaling"":1,""l1_ratio"":0.0,""max_iter"":2000,""n_jobs"":null,""penalty"":""deprecated"",""random_state"":0,""solver"":""lbfgs"",""tol"":0.0001,""verbose"":0,""warm_start"":false}",False,5d15f5df0c3c3363bd28282f597f6b2e81ba4a8a4132d81fd43ee69b0a88ed20,[],False,[748],"{""copy"":true,""with_mean"":true,""with_std"":true}","{""probability_max_abs_difference"":0.0,""verified"":true}"
croma,3,2,"{""C"":1.0,""class_weight"":""balanced"",""dual"":false,""fit_intercept"":true,""intercept_scaling"":1,""l1_ratio"":0.0,""max_iter"":2000,""n_jobs"":null,""penalty"":""deprecated"",""random_state"":0,""solver"":""lbfgs"",""tol"":0.0001,""verbose"":0,""warm_start"":false}",False,4b79a89793d4aacb5324b542f3aef25b27931432b6ee1c866c55a959e39a5436,[],False,[688],"{""copy"":true,""with_mean"":true,""with_std"":true}","{""probability_max_abs_difference"":0.0,""verified"":true}"
croma,3,3,"{""C"":1.0,""class_weight"":""balanced"",""dual"":false,""fit_intercept"":true,""intercept_scaling"":1,""l1_ratio"":0.0,""max_iter"":2000,""n_jobs"":null,""penalty"":""deprecated"",""random_state"":0,""solver"":""lbfgs"",""tol"":0.0001,""verbose"":0,""warm_start"":false}",False,bcf50fcc1c40253cdb1ffd549bd850e0f895b553f3bb2d428e6c6c0d10a5d8e3,[],False,[639],"{""copy"":true,""with_mean"":true,""with_std"":true}","{""probability_max_abs_difference"":0.0,""verified"":true}"
croma,3,4,"{""C"":1.0,""class_weight"":""balanced"",""dual"":false,""fit_intercept"":true,""intercept_scaling"":1,""l1_ratio"":0.0,""max_iter"":2000,""n_jobs"":null,""penalty"":""deprecated"",""random_state"":0,""solver"":""lbfgs"",""tol"":0.0001,""verbose"":0,""warm_start"":false}",False,1c64d38866a9d8a89de9cfc4ece46abfa4f690069c66f7db438f9b01a9fff92d,[],False,[681],"{""copy"":true,""with_mean"":true,""with_std"":true}","{""probability_max_abs_difference"":0.0,""verified"":true}"
croma,4,0,"{""C"":1.0,""class_weight"":""balanced"",""dual"":false,""fit_intercept"":true,""intercept_scaling"":1,""l1_ratio"":0.0,""max_iter"":2000,""n_jobs"":null,""penalty"":""deprecated"",""random_state"":0,""solver"":""lbfgs"",""tol"":0.0001,""verbose"":0,""warm_start"":false}",False,d413b3056923316557fdf05ef6f77e72ddd8d9aa7f9ab459143fd893549d7d47,[],False,[687],"{""copy"":true,""with_mean"":true,""with_std"":true}","{""probability_max_abs_difference"":0.0,""verified"":true}"
croma,4,1,"{""C"":1.0,""class_weight"":""balanced"",""dual"":false,""fit_intercept"":true,""intercept_scaling"":1,""l1_ratio"":0.0,""max_iter"":2000,""n_jobs"":null,""penalty"":""deprecated"",""random_state"":0,""solver"":""lbfgs"",""tol"":0.0001,""verbose"":0,""warm_start"":false}",False,08361ec31026140c456698846b4fe972cacd00dc4b8b096d674db6a49ad3d618,[],False,[698],"{""copy"":true,""with_mean"":true,""with_std"":true}","{""probability_max_abs_difference"":0.0,""verified"":true}"
croma,4,2,"{""C"":1.0,""class_weight"":""balanced"",""dual"":false,""fit_intercept"":true,""intercept_scaling"":1,""l1_ratio"":0.0,""max_iter"":2000,""n_jobs"":null,""penalty"":""deprecated"",""random_state"":0,""solver"":""lbfgs"",""tol"":0.0001,""verbose"":0,""warm_start"":false}",False,be9af10cf4c84a6f982c9d619cc7c9d3a8048645fce2c1fd1a7bce7ac025b4fe,[],False,[689],"{""copy"":true,""with_mean"":true,""with_std"":true}","{""probability_max_abs_difference"":0.0,""verified"":true}"
croma,4,3,"{""C"":1.0,""class_weight"":""balanced"",""dual"":false,""fit_intercept"":true,""intercept_scaling"":1,""l1_ratio"":0.0,""max_iter"":2000,""n_jobs"":null,""penalty"":""deprecated"",""random_state"":0,""solver"":""lbfgs"",""tol"":0.0001,""verbose"":0,""warm_start"":false}",False,77adb0fdf7981a01e8757fc9445940bb3d6625166d52ceecc37c566f4d4e35e8,[],False,[694],"{""copy"":true,""with_mean"":true,""with_std"":true}","{""probability_max_abs_difference"":0.0,""verified"":true}"
croma,4,4,"{""C"":1.0,""class_weight"":""balanced"",""dual"":false,""fit_intercept"":true,""intercept_scaling"":1,""l1_ratio"":0.0,""max_iter"":2000,""n_jobs"":null,""penalty"":""deprecated"",""random_state"":0,""solver"":""lbfgs"",""tol"":0.0001,""verbose"":0,""warm_start"":false}",False,38be6acd6fd0592ad021f01a0746c3d4ef28890a14e29db3accce203e4955e13,[],False,[676],"{""copy"":true,""with_mean"":true,""with_std"":true}","{""probability_max_abs_difference"":0.0,""verified"":true}"
random_init,0,0,"{""C"":1.0,""class_weight"":""balanced"",""dual"":false,""fit_intercept"":true,""intercept_scaling"":1,""l1_ratio"":0.0,""max_iter"":2000,""n_jobs"":null,""penalty"":""deprecated"",""random_state"":0,""solver"":""lbfgs"",""tol"":0.0001,""verbose"":0,""warm_start"":false}",False,484ab9982189bc6b76a59325694acc1d02d75e5c9afb3a946d81f4a56875dbef,[],False,[1687],"{""copy"":true,""with_mean"":true,""with_std"":true}","{""probability_max_abs_difference"":0.0,""verified"":true}"
random_init,0,1,"{""C"":1.0,""class_weight"":""balanced"",""dual"":false,""fit_intercept"":true,""intercept_scaling"":1,""l1_ratio"":0.0,""max_iter"":2000,""n_jobs"":null,""penalty"":""deprecated"",""random_state"":0,""solver"":""lbfgs"",""tol"":0.0001,""verbose"":0,""warm_start"":false}",False,5b551a4a6c5224f28a9527ca6c13fe39f68869bb673a8e01d6796dbea48fcaad,[],False,[1705],"{""copy"":true,""with_mean"":true,""with_std"":true}","{""probability_max_abs_difference"":0.0,""verified"":true}"
random_init,0,2,"{""C"":1.0,""class_weight"":""balanced"",""dual"":false,""fit_intercept"":true,""intercept_scaling"":1,""l1_ratio"":0.0,""max_iter"":2000,""n_jobs"":null,""penalty"":""deprecated"",""random_state"":0,""solver"":""lbfgs"",""tol"":0.0001,""verbose"":0,""warm_start"":false}",False,485e1810099a4f885a85978ab2a034b555f0de7d26222585b16092158af64a66,[],False,[1720],"{""copy"":true,""with_mean"":true,""with_std"":true}","{""probability_max_abs_difference"":0.0,""verified"":true}"
random_init,0,3,"{""C"":1.0,""class_weight"":""balanced"",""dual"":false,""fit_intercept"":true,""intercept_scaling"":1,""l1_ratio"":0.0,""max_iter"":2000,""n_jobs"":null,""penalty"":""deprecated"",""random_state"":0,""solver"":""lbfgs"",""tol"":0.0001,""verbose"":0,""warm_start"":false}",False,221de0c3a08994d463abf8cf0a05458231180c4c50f3b3b638e4a7e31fd12675,[],False,[1827],"{""copy"":true,""with_mean"":true,""with_std"":true}","{""probability_max_abs_difference"":0.0,""verified"":true}"
random_init,0,4,"{""C"":1.0,""class_weight"":""balanced"",""dual"":false,""fit_intercept"":true,""intercept_scaling"":1,""l1_ratio"":0.0,""max_iter"":2000,""n_jobs"":null,""penalty"":""deprecated"",""random_state"":0,""solver"":""lbfgs"",""tol"":0.0001,""verbose"":0,""warm_start"":false}",False,cfeaf01ef139a89d0bc56a383cc566d0d4763faf68ab57e13df05b181d653326,[],False,[1733],"{""copy"":true,""with_mean"":true,""with_std"":true}","{""probability_max_abs_difference"":0.0,""verified"":true}"
random_init,1,0,"{""C"":1.0,""class_weight"":""balanced"",""dual"":false,""fit_intercept"":true,""intercept_scaling"":1,""l1_ratio"":0.0,""max_iter"":2000,""n_jobs"":null,""penalty"":""deprecated"",""random_state"":0,""solver"":""lbfgs"",""tol"":0.0001,""verbose"":0,""warm_start"":false}",False,8443e6fa551de94d8dfe02023b51011fd1fd57245628278cbca5d814c557bc3b,[],False,[1177],"{""copy"":true,""with_mean"":true,""with_std"":true}","{""probability_max_abs_difference"":0.0,""verified"":true}"
random_init,1,1,"{""C"":1.0,""class_weight"":""balanced"",""dual"":false,""fit_intercept"":true,""intercept_scaling"":1,""l1_ratio"":0.0,""max_iter"":2000,""n_jobs"":null,""penalty"":""deprecated"",""random_state"":0,""solver"":""lbfgs"",""tol"":0.0001,""verbose"":0,""warm_start"":false}",False,7bb66632ab2b70145b71a5d8b93f3fecca3a0fd1c17c18eacffeca3208644972,[],False,[1201],"{""copy"":true,""with_mean"":true,""with_std"":true}","{""probability_max_abs_difference"":0.0,""verified"":true}"
random_init,1,2,"{""C"":1.0,""class_weight"":""balanced"",""dual"":false,""fit_intercept"":true,""intercept_scaling"":1,""l1_ratio"":0.0,""max_iter"":2000,""n_jobs"":null,""penalty"":""deprecated"",""random_state"":0,""solver"":""lbfgs"",""tol"":0.0001,""verbose"":0,""warm_start"":false}",False,e08e3c5c9519659ee9c7214f166698d8cc45d8b8947608ebdbc4a8b110c6c9e4,[],False,[1174],"{""copy"":true,""with_mean"":true,""with_std"":true}","{""probability_max_abs_difference"":0.0,""verified"":true}"
random_init,1,3,"{""C"":1.0,""class_weight"":""balanced"",""dual"":false,""fit_intercept"":true,""intercept_scaling"":1,""l1_ratio"":0.0,""max_iter"":2000,""n_jobs"":null,""penalty"":""deprecated"",""random_state"":0,""solver"":""lbfgs"",""tol"":0.0001,""verbose"":0,""warm_start"":false}",False,6c1cbc0e21d37bc550d7839ea67326c9b20f148f3ab12b124b26ab0574ecb62e,[],False,[1156],"{""copy"":true,""with_mean"":true,""with_std"":true}","{""probability_max_abs_difference"":0.0,""verified"":true}"
random_init,1,4,"{""C"":1.0,""class_weight"":""balanced"",""dual"":false,""fit_intercept"":true,""intercept_scaling"":1,""l1_ratio"":0.0,""max_iter"":2000,""n_jobs"":null,""penalty"":""deprecated"",""random_state"":0,""solver"":""lbfgs"",""tol"":0.0001,""verbose"":0,""warm_start"":false}",False,a750894046aa3595c06b9332a360dc55900261214661d2eddf5c98bed6fedb30,[],False,[1163],"{""copy"":true,""with_mean"":true,""with_std"":true}","{""probability_max_abs_difference"":0.0,""verified"":true}"
random_init,2,0,"{""C"":1.0,""class_weight"":""balanced"",""dual"":false,""fit_intercept"":true,""intercept_scaling"":1,""l1_ratio"":0.0,""max_iter"":2000,""n_jobs"":null,""penalty"":""deprecated"",""random_state"":0,""solver"":""lbfgs"",""tol"":0.0001,""verbose"":0,""warm_start"":false}",False,33b8a06c91b5f2de56551003358f92370a23aa138de6c223ac79ae64344bc7f5,[],False,[1115],"{""copy"":true,""with_mean"":true,""with_std"":true}","{""probability_max_abs_difference"":0.0,""verified"":true}"
random_init,2,1,"{""C"":1.0,""class_weight"":""balanced"",""dual"":false,""fit_intercept"":true,""intercept_scaling"":1,""l1_ratio"":0.0,""max_iter"":2000,""n_jobs"":null,""penalty"":""deprecated"",""random_state"":0,""solver"":""lbfgs"",""tol"":0.0001,""verbose"":0,""warm_start"":false}",False,28d97269aa333edb5157955e777cd04322d0b1251b0d7ff1dab76f8288f9c57c,[],False,[1163],"{""copy"":true,""with_mean"":true,""with_std"":true}","{""probability_max_abs_difference"":0.0,""verified"":true}"
random_init,2,2,"{""C"":1.0,""class_weight"":""balanced"",""dual"":false,""fit_intercept"":true,""intercept_scaling"":1,""l1_ratio"":0.0,""max_iter"":2000,""n_jobs"":null,""penalty"":""deprecated"",""random_state"":0,""solver"":""lbfgs"",""tol"":0.0001,""verbose"":0,""warm_start"":false}",False,43ea789dd36cc1877d449d0875cff5677a5808774981e88bedbd86e82f3f74ae,[],False,[1092],"{""copy"":true,""with_mean"":true,""with_std"":true}","{""probability_max_abs_difference"":0.0,""verified"":true}"
random_init,2,3,"{""C"":1.0,""class_weight"":""balanced"",""dual"":false,""fit_intercept"":true,""intercept_scaling"":1,""l1_ratio"":0.0,""max_iter"":2000,""n_jobs"":null,""penalty"":""deprecated"",""random_state"":0,""solver"":""lbfgs"",""tol"":0.0001,""verbose"":0,""warm_start"":false}",False,4cdaaae97108e72a81d5c8e85551fd9a99c9cf7fd0e56fd1504e6b1678ae4b76,[],False,[1079],"{""copy"":true,""with_mean"":true,""with_std"":true}","{""probability_max_abs_difference"":0.0,""verified"":true}"
random_init,2,4,"{""C"":1.0,""class_weight"":""balanced"",""dual"":false,""fit_intercept"":true,""intercept_scaling"":1,""l1_ratio"":0.0,""max_iter"":2000,""n_jobs"":null,""penalty"":""deprecated"",""random_state"":0,""solver"":""lbfgs"",""tol"":0.0001,""verbose"":0,""warm_start"":false}",False,98cac38d201ea70d2e42f204e8c4414e9a870b50fcc39886d6f2f4ba76ed077f,[],False,[1111],"{""copy"":true,""with_mean"":true,""with_std"":true}","{""probability_max_abs_difference"":0.0,""verified"":true}"
random_init,3,0,"{""C"":1.0,""class_weight"":""balanced"",""dual"":false,""fit_intercept"":true,""intercept_scaling"":1,""l1_ratio"":0.0,""max_iter"":2000,""n_jobs"":null,""penalty"":""deprecated"",""random_state"":0,""solver"":""lbfgs"",""tol"":0.0001,""verbose"":0,""warm_start"":false}",False,64044b46ff09bf90d5c7bc92d5323ca31757f560adf0e46c991f0b328262ce7d,[],False,[1260],"{""copy"":true,""with_mean"":true,""with_std"":true}","{""probability_max_abs_difference"":0.0,""verified"":true}"
random_init,3,1,"{""C"":1.0,""class_weight"":""balanced"",""dual"":false,""fit_intercept"":true,""intercept_scaling"":1,""l1_ratio"":0.0,""max_iter"":2000,""n_jobs"":null,""penalty"":""deprecated"",""random_state"":0,""solver"":""lbfgs"",""tol"":0.0001,""verbose"":0,""warm_start"":false}",False,c7ecc099458b7cfe3bfb06b1d653957085d59da926fc87721b789db2949a4238,[],False,[1211],"{""copy"":true,""with_mean"":true,""with_std"":true}","{""probability_max_abs_difference"":0.0,""verified"":true}"
random_init,3,2,"{""C"":1.0,""class_weight"":""balanced"",""dual"":false,""fit_intercept"":true,""intercept_scaling"":1,""l1_ratio"":0.0,""max_iter"":2000,""n_jobs"":null,""penalty"":""deprecated"",""random_state"":0,""solver"":""lbfgs"",""tol"":0.0001,""verbose"":0,""warm_start"":false}",False,29d29480dc413bf462e0eca93a7a052342dbace976a82d77a5d6f66ea43f7af6,[],False,[1200],"{""copy"":true,""with_mean"":true,""with_std"":true}","{""probability_max_abs_difference"":0.0,""verified"":true}"
random_init,3,3,"{""C"":1.0,""class_weight"":""balanced"",""dual"":false,""fit_intercept"":true,""intercept_scaling"":1,""l1_ratio"":0.0,""max_iter"":2000,""n_jobs"":null,""penalty"":""deprecated"",""random_state"":0,""solver"":""lbfgs"",""tol"":0.0001,""verbose"":0,""warm_start"":false}",False,33eecf9c018ca7a7507ad189a1a85528843ecdb3187a01d4000d58175fb055f6,[],False,[1148],"{""copy"":true,""with_mean"":true,""with_std"":true}","{""probability_max_abs_difference"":0.0,""verified"":true}"
random_init,3,4,"{""C"":1.0,""class_weight"":""balanced"",""dual"":false,""fit_intercept"":true,""intercept_scaling"":1,""l1_ratio"":0.0,""max_iter"":2000,""n_jobs"":null,""penalty"":""deprecated"",""random_state"":0,""solver"":""lbfgs"",""tol"":0.0001,""verbose"":0,""warm_start"":false}",False,cdf63473520d25086cfd36eb917a0e1938a02874f721871d71fd1ec4f128641c,[],False,[1253],"{""copy"":true,""with_mean"":true,""with_std"":true}","{""probability_max_abs_difference"":0.0,""verified"":true}"
random_init,4,0,"{""C"":1.0,""class_weight"":""balanced"",""dual"":false,""fit_intercept"":true,""intercept_scaling"":1,""l1_ratio"":0.0,""max_iter"":2000,""n_jobs"":null,""penalty"":""deprecated"",""random_state"":0,""solver"":""lbfgs"",""tol"":0.0001,""verbose"":0,""warm_start"":false}",False,f4c27c40073d135b1b04bac2e7f34a45e983ac1e3b114c0ad58f938cd5d31bd3,[],False,[1607],"{""copy"":true,""with_mean"":true,""with_std"":true}","{""probability_max_abs_difference"":0.0,""verified"":true}"
random_init,4,1,"{""C"":1.0,""class_weight"":""balanced"",""dual"":false,""fit_intercept"":true,""intercept_scaling"":1,""l1_ratio"":0.0,""max_iter"":2000,""n_jobs"":null,""penalty"":""deprecated"",""random_state"":0,""solver"":""lbfgs"",""tol"":0.0001,""verbose"":0,""warm_start"":false}",False,0df782fd145054520c76f0055ef4c49dba1e6b27757aed581dba31dfbd39a1ca,[],False,[1631],"{""copy"":true,""with_mean"":true,""with_std"":true}","{""probability_max_abs_difference"":0.0,""verified"":true}"
random_init,4,2,"{""C"":1.0,""class_weight"":""balanced"",""dual"":false,""fit_intercept"":true,""intercept_scaling"":1,""l1_ratio"":0.0,""max_iter"":2000,""n_jobs"":null,""penalty"":""deprecated"",""random_state"":0,""solver"":""lbfgs"",""tol"":0.0001,""verbose"":0,""warm_start"":false}",False,c70d5c6e664ec250e1f85f6daa7bccf79e41b795dd95f0f7c9348aab044cdb86,[],False,[1596],"{""copy"":true,""with_mean"":true,""with_std"":true}","{""probability_max_abs_difference"":0.0,""verified"":true}"
random_init,4,3,"{""C"":1.0,""class_weight"":""balanced"",""dual"":false,""fit_intercept"":true,""intercept_scaling"":1,""l1_ratio"":0.0,""max_iter"":2000,""n_jobs"":null,""penalty"":""deprecated"",""random_state"":0,""solver"":""lbfgs"",""tol"":0.0001,""verbose"":0,""warm_start"":false}",False,544acc06ea15b3c6a134adc792ebc38dee6cb6e5b7d82e8bba7a088559080d0a,[],False,[1611],"{""copy"":true,""with_mean"":true,""with_std"":true}","{""probability_max_abs_difference"":0.0,""verified"":true}"
random_init,4,4,"{""C"":1.0,""class_weight"":""balanced"",""dual"":false,""fit_intercept"":true,""intercept_scaling"":1,""l1_ratio"":0.0,""max_iter"":2000,""n_jobs"":null,""penalty"":""deprecated"",""random_state"":0,""solver"":""lbfgs"",""tol"":0.0001,""verbose"":0,""warm_start"":false}",False,e0adf65fdf8e16289277e57870671035bef537232c435be728763e007a40d296,[],False,[1565],"{""copy"":true,""with_mean"":true,""with_std"":true}","{""probability_max_abs_difference"":0.0,""verified"":true}"
